,surfaceArea,compactness,rectangularity,diameter,eccentricity
labeledDb\LabeledDB_new\Airplane\61.off,1.915367707806675,11.48535500281748,0.10495613223355314,1.9655930395984773,29.59052638812917
labeledDb\LabeledDB_new\Airplane\62.off,2.0696912986251923,7.0996374154176385,0.07582682580071992,1.9531221524786755,23.334838972502947
labeledDb\LabeledDB_new\Airplane\63.off,2.1616274551618164,8.075894509216688,0.07721237118934159,1.994663196558449,22.769527464688213
labeledDb\LabeledDB_new\Airplane\64.off,2.2796276107723754,10.529148813316592,0.07173186980057375,1.861235584711179,31.4126262301793
labeledDb\LabeledDB_new\Airplane\65.off,1.8603382173274319,12.683871337140285,0.06330439533117344,1.7242407296506566,35.842151887040586
labeledDb\LabeledDB_new\Airplane\66.off,2.128028830863797,22.947313640367298,0.07596115934372698,1.7049772830162693,61.890516466954466
labeledDb\LabeledDB_new\Airplane\67.off,2.477437099466306,12.44549289255804,0.07689052976458505,1.8133351120983012,33.09176844123738
labeledDb\LabeledDB_new\Airplane\68.off,1.7243807773701558,15.079089372493227,0.05518273089694241,1.7751502637784249,33.1252637914539
labeledDb\LabeledDB_new\Airplane\69.off,2.2497670440764264,13.598415409548469,0.08447851520321667,1.8996630175190838,36.036993718395806
labeledDb\LabeledDB_new\Airplane\70.off,2.0302425298566797,20.85490673664901,0.05987561116038648,1.9892534696283868,75.45020724948306
labeledDb\LabeledDB_new\Airplane\71.off,2.1776185195931124,12.0655024348212,0.06255869659880876,1.9784586904303358,27.538581235700175
labeledDb\LabeledDB_new\Airplane\72.off,1.9216552690704776,14.315499139225114,0.061092944462769146,1.979170581343597,42.06249475029106
labeledDb\LabeledDB_new\Airplane\73.off,1.8486577815849656,13.18528187225491,0.0532743078195006,1.9572330147933796,40.085538537404915
labeledDb\LabeledDB_new\Airplane\74.off,1.8496855665836873,10.423778219309007,0.06974704009297644,1.9581493094847715,40.05468402814838
labeledDb\LabeledDB_new\Airplane\75.off,2.595345323446526,15.795023699345826,0.11918999726973882,1.7583431275511767,34.6131499654601
labeledDb\LabeledDB_new\Airplane\76.off,1.9940273486111242,8.581440870053457,0.07349748946067064,1.8508279072180494,37.60032102593075
labeledDb\LabeledDB_new\Airplane\77.off,2.0536087594872203,12.455065149152166,0.055637597554333354,1.8118491175732647,35.95171508601231
labeledDb\LabeledDB_new\Airplane\78.off,2.406254074690181,16.4111532127984,0.04350987461692606,1.9030209369033761,38.13440100995496
labeledDb\LabeledDB_new\Airplane\79.off,2.407611887052445,17.2325297324901,0.04838289150230738,1.9522222269983411,22.29938141236394
labeledDb\LabeledDB_new\Airplane\80.off,2.554367551852032,17.385057592605275,0.05751058063112183,1.922655954913752,24.476737790926933
labeledDb\LabeledDB_new\Ant\100.off,2.366413220615778,14.191711186770842,0.06669940816052301,1.7251555833690873,5.781866583499605
labeledDb\LabeledDB_new\Ant\81.off,2.1753601470501014,10.260439503221582,0.0787388896759811,1.8382229168878677,8.669880066701198
labeledDb\LabeledDB_new\Ant\82.off,2.778507014538145,9.95091486234061,0.07192110361787916,1.8488917528134188,7.068745748833226
labeledDb\LabeledDB_new\Ant\83.off,2.3287467103518162,9.61721407858823,0.08533983366707344,1.9099718046336671,13.614360498887121
labeledDb\LabeledDB_new\Ant\84.off,2.215585276014107,11.85539565746211,0.0626369686018033,1.7944004601948054,6.314398524422045
labeledDb\LabeledDB_new\Ant\85.off,2.689455745131179,11.099982325102104,0.10679596803067454,1.8963938143335914,21.16550687662153
labeledDb\LabeledDB_new\Ant\86.off,2.44592358259443,8.585087737204066,0.1255524542905675,1.8704414852783653,8.571987886667392
labeledDb\LabeledDB_new\Ant\87.off,2.663823592982229,8.546417725567364,0.0723921154982255,1.9079791605187417,9.375319430919882
labeledDb\LabeledDB_new\Ant\88.off,2.8473032051671834,10.389450528144495,0.05015730176694189,1.861510544536948,7.055805896273954
labeledDb\LabeledDB_new\Ant\89.off,2.581576438000114,14.071425042893352,0.08775444909022334,1.852446567766093,13.428024441262655
labeledDb\LabeledDB_new\Ant\90.off,2.697030496839458,10.697863155575211,0.07467831536633018,1.8366656884469281,6.517120029153279
labeledDb\LabeledDB_new\Ant\91.off,2.86996493057367,9.783587294855984,0.07875939317875603,1.8221448612393452,6.9112056243678355
labeledDb\LabeledDB_new\Ant\92.off,2.1895450863424455,8.958032843733278,0.09679872652368156,1.946821103593413,14.619718923995565
labeledDb\LabeledDB_new\Ant\93.off,2.8495987624302543,8.651663290605804,0.07580960768626915,1.8964555015712727,11.223817270829013
labeledDb\LabeledDB_new\Ant\94.off,2.2768481760463386,14.714779182539905,0.052667373236060966,1.8281657487274572,20.842242674700547
labeledDb\LabeledDB_new\Ant\95.off,2.445665083727492,8.763817412353923,0.11994867941580428,1.881393298067636,21.429680168410073
labeledDb\LabeledDB_new\Ant\96.off,2.5912935095539873,14.3206131202274,0.06013288057245448,1.8748324531087084,23.568840756080043
labeledDb\LabeledDB_new\Ant\97.off,2.510812250624304,13.972726777082718,0.14013919056551294,1.8446480902871256,20.222017602297917
labeledDb\LabeledDB_new\Ant\98.off,2.3166809124199346,8.032621824394333,0.09084218966131385,1.934170964091958,12.417158742571479
labeledDb\LabeledDB_new\Ant\99.off,2.217973129408568,14.422428009964118,0.048394485452946764,1.8128002093457487,10.626147654455327
labeledDb\LabeledDB_new\Armadillo\281.off,3.0433605212355683,7.634523372121416,0.09638832958303777,1.7153211903731174,3.9360565570392634
labeledDb\LabeledDB_new\Armadillo\282.off,3.289124930915426,7.810966700771822,0.14907397923248883,1.8248408551889783,5.711594428454029
labeledDb\LabeledDB_new\Armadillo\283.off,2.609718046875874,8.794851223041059,0.08580552773782464,1.9896561474769812,14.16045824079791
labeledDb\LabeledDB_new\Armadillo\284.off,3.4087152962891367,7.5206503809402365,0.09267646268332473,1.6577509413928908,2.7711348914523857
labeledDb\LabeledDB_new\Armadillo\285.off,3.8138347887786517,7.937003904504472,0.10845035847540109,1.725435544793691,4.64260514891702
labeledDb\LabeledDB_new\Armadillo\286.off,4.577652173358797,8.83977755696322,0.13298567745318735,1.6997228388340808,2.0803512324596802
labeledDb\LabeledDB_new\Armadillo\287.off,4.267060949849468,8.563210448139293,0.10023270108978981,1.8594117907108743,3.5314726967053574
labeledDb\LabeledDB_new\Armadillo\288.off,4.398618095031316,8.091947838875868,0.10157254977852413,1.7579494411443264,1.9814899180696743
labeledDb\LabeledDB_new\Armadillo\289.off,3.631510117955802,8.562732601066104,0.05589392665890909,1.839606188266805,2.7083891490067966
labeledDb\LabeledDB_new\Armadillo\290.off,2.845738920193223,9.895510930471001,0.0763593947055136,1.9415386123482934,4.626757482514584
labeledDb\LabeledDB_new\Armadillo\291.off,4.06204147804655,7.414542034319338,0.1768964633973865,1.917101695211207,5.460120155347849
labeledDb\LabeledDB_new\Armadillo\292.off,3.0624989264750844,6.886303706435907,0.09704473740332364,1.6662220931837122,4.329088469543269
labeledDb\LabeledDB_new\Armadillo\293.off,3.14946942843368,6.806643494575354,0.1477440645343793,1.8361274523815438,5.536840426855961
labeledDb\LabeledDB_new\Armadillo\294.off,2.3387833158605194,7.725135341289836,0.10290276198629106,1.960498960498369,15.329863476375518
labeledDb\LabeledDB_new\Armadillo\295.off,2.6981093109354832,5.507364108690047,0.0991982549640626,1.6158257002395116,4.941143073278748
labeledDb\LabeledDB_new\Armadillo\296.off,3.573307264813682,6.236331303170343,0.14226376048544803,1.7771830553035404,7.675140270407718
labeledDb\LabeledDB_new\Armadillo\297.off,4.105541119048082,6.6174972222475885,0.14874205940370228,1.7399044921825637,2.5115007194497867
labeledDb\LabeledDB_new\Armadillo\298.off,4.024037758445584,7.3698968722870735,0.10217416419643922,1.8633445616889523,3.4590330263570905
labeledDb\LabeledDB_new\Armadillo\299.off,4.18399403594868,7.105600250926945,0.09832665939835651,1.7744855746563546,2.1498819770019657
labeledDb\LabeledDB_new\Armadillo\300.off,3.371262802950667,7.491567916516494,0.05726641270284103,1.82275807301623,2.468373376721067
labeledDb\LabeledDB_new\Bearing\341.off,1.7926201323730173,3.645257561157198,0.35766029766298163,1.5627879785477023,15.016170402391653
labeledDb\LabeledDB_new\Bearing\342.off,2.750507765858264,3.645263454768593,0.3576593035445862,1.9358082447000378,15.016160973807589
labeledDb\LabeledDB_new\Bearing\343.off,2.5522997379671124,3.6452632158087046,0.3576601607058707,1.8647548328840249,15.025742058171158
labeledDb\LabeledDB_new\Bearing\344.off,1.962305278727493,2.527722509678355,0.48288803957489995,1.298653600424556,6.334481199417176
labeledDb\LabeledDB_new\Bearing\345.off,1.959582697198938,2.5949428569363984,0.4661340822882673,1.2943798456860203,6.6324811652063955
labeledDb\LabeledDB_new\Bearing\346.off,1.9560098989342616,2.5664941953799536,0.4640289946296367,1.2937444523901815,6.410559094428697
labeledDb\LabeledDB_new\Bearing\347.off,4.270411230032487,1.9523243842430984,0.7003576719372715,1.922393289964148,8.37905547665318
labeledDb\LabeledDB_new\Bearing\348.off,0.4842427732276477,3.8395065488429974,0.6675326572177532,1.0131312121503906,26.593675400664896
labeledDb\LabeledDB_new\Bearing\349.off,1.467524185010188,3.839506868392937,0.6675294670237948,1.7637101302453138,20.021556129080537
labeledDb\LabeledDB_new\Bearing\350.off,1.625176163408567,3.7646996063362694,0.6662474741801652,1.8634108808974112,32.26482205648382
labeledDb\LabeledDB_new\Bearing\351.off,2.6282443388743157,3.0480223777408106,0.45442654644907515,1.8832681959364497,17.48315043586954
labeledDb\LabeledDB_new\Bearing\352.off,2.0759697166511115,2.9050887987498593,0.46981149775405234,1.6659565804235614,10.188100212395168
labeledDb\LabeledDB_new\Bearing\353.off,1.402993167955386,4.689700463969338,0.2703600326787108,1.830469449422071,31.88203648947047
labeledDb\LabeledDB_new\Bearing\354.off,0.9133524178859713,3.5369269875245015,0.30045456248411007,1.2471467619177625,16.80350816457853
labeledDb\LabeledDB_new\Bearing\355.off,1.621179972504907,4.17191559846394,0.7728420496195716,1.9989841167302835,41.39309997023895
labeledDb\LabeledDB_new\Bearing\356.off,1.6212510351351253,4.170820937650515,0.7728380887389601,1.9991147363453636,41.39301913040975
labeledDb\LabeledDB_new\Bearing\357.off,1.8076455578896489,16.012257192789637,0.8299047792441866,1.992112709067823,150.63667453642242
labeledDb\LabeledDB_new\Bearing\358.off,2.4601354940728486,11.824202775796534,0.09403071912225866,1.3403465883151966,2.5085846527142426
labeledDb\LabeledDB_new\Bearing\359.off,2.4758222419369496,11.826745872909411,0.0940306498555109,1.3445719099592492,2.551886429609397
labeledDb\LabeledDB_new\Bearing\360.off,0.02401534704587683,3.6612400558485407,0.6663730027842413,0.1943958646502683,20.944450557076138
labeledDb\LabeledDB_new\Bird\241.off,1.3918080879116395,8.455247518102444,0.06709808566053384,1.9879284240602413,32.69756674708533
labeledDb\LabeledDB_new\Bird\242.off,2.830909962498331,9.873059074436423,0.07519952641519803,1.8179114726691994,5.028514115497965
labeledDb\LabeledDB_new\Bird\243.off,1.3908105481385993,7.461801871840091,0.09823485934515945,1.9925540770022734,63.79463216062023
labeledDb\LabeledDB_new\Bird\244.off,1.7407587284487862,13.193936086984309,0.11756393095673486,1.9680809833386026,56.016854635779175
labeledDb\LabeledDB_new\Bird\245.off,2.424967908102898,15.85583475122302,0.05061764808753629,1.8153853402984674,5.18094104392134
labeledDb\LabeledDB_new\Bird\246.off,1.6312860199685641,11.164518223517268,0.08511667830384631,1.9493353497319088,21.185696511838117
labeledDb\LabeledDB_new\Bird\247.off,2.0755688583616605,13.03305349345872,0.057442525710523905,1.8563902933784335,7.948537591335037
labeledDb\LabeledDB_new\Bird\248.off,2.805618528714311,18.83637365248688,0.047274931086948746,1.5817022682758102,2.168779462971237
labeledDb\LabeledDB_new\Bird\249.off,1.3842948537110853,11.650760445370542,0.06039982956838345,1.9659479376422773,30.401559571813777
labeledDb\LabeledDB_new\Bird\250.off,1.69193710204708,14.328083630093047,0.11433470093578238,1.9148128287108004,82.89106293232392
labeledDb\LabeledDB_new\Bird\251.off,1.3908105481385993,7.461801871840091,0.09823485934515945,1.9925540770022734,63.79463216062023
labeledDb\LabeledDB_new\Bird\252.off,2.2128306161697835,13.273650444668487,0.05957738921996755,1.7373312077978922,6.560723504586802
labeledDb\LabeledDB_new\Bird\253.off,2.2341422231912462,15.027529606255086,0.0564979786839196,1.839706247587894,21.69809138170773
labeledDb\LabeledDB_new\Bird\254.off,1.5161980883568122,13.519256734400669,0.11982953391858901,1.9948460523799736,90.74725567576408
labeledDb\LabeledDB_new\Bird\255.off,1.9921860194040142,9.079999312859988,0.08048954547063529,1.9415843855300297,8.68437683144265
labeledDb\LabeledDB_new\Bird\256.off,2.0274208156526607,10.166958690226988,0.029153416762176733,1.9408442113976023,10.670061113513206
labeledDb\LabeledDB_new\Bird\257.off,1.9338322453297379,58.26386042427426,0.06635864967410232,1.9144403273402155,74.04346264335528
labeledDb\LabeledDB_new\Bird\258.off,3.0379914818311384,22.006031446002766,0.04297675672897217,1.6185285526400106,5.956618038288809
labeledDb\LabeledDB_new\Bird\259.off,3.056228952171858,11.087522718317262,0.085650137066038,1.8049800843122512,8.487885194474547
labeledDb\LabeledDB_new\Bird\260.off,2.4509864524093574,14.867421353927954,0.06792211761005165,1.3620936272182558,4.442198780792592
labeledDb\LabeledDB_new\Bust\301.off,4.853562981084298,2.7505341767907394,0.3937364446491778,1.944219565978888,5.307026120598394
labeledDb\LabeledDB_new\Bust\302.off,5.93842411593972,3.5128688166776785,0.29516828719813154,1.8360352465174876,4.723783469198181
labeledDb\LabeledDB_new\Bust\303.off,3.8438035346848634,3.0296864941483097,0.26697795719892375,1.6104817627545074,3.47759452146158
labeledDb\LabeledDB_new\Bust\304.off,4.453504381369488,3.9652366074957346,0.287081631378366,1.951628136187098,9.02293351891132
labeledDb\LabeledDB_new\Bust\305.off,7.408598651531967,3.5309975110951726,0.2964895349516819,1.9469985343483232,2.5514278400733303
labeledDb\LabeledDB_new\Bust\306.off,4.6723924808685675,2.3996151999308704,0.28903887784405274,1.7107212064522028,3.9178799564090587
labeledDb\LabeledDB_new\Bust\307.off,7.6535182332104075,2.2295451045698935,0.25919454679530757,1.9354647983493825,2.2440221188269662
labeledDb\LabeledDB_new\Bust\308.off,8.530232132855419,1.7068893685300064,0.3704643773062924,1.925382106821034,1.8220039493807294
labeledDb\LabeledDB_new\Bust\309.off,5.382422937406557,2.5858107906705317,0.39624555613594037,1.6717956921477597,2.2222414512995403
labeledDb\LabeledDB_new\Bust\310.off,8.09344624178696,1.4651551781775707,0.4094136210161644,1.9024624030783646,2.1543534095088304
labeledDb\LabeledDB_new\Bust\311.off,6.156668760342801,3.50076602582336,0.3073424009038804,1.856492168636977,4.501665832399505
labeledDb\LabeledDB_new\Bust\312.off,5.794277138905737,3.4688108657628574,0.2532823779737081,1.6976915316922772,4.191133945138411
labeledDb\LabeledDB_new\Bust\313.off,6.323545607203105,3.335918260033033,0.27229472455795534,1.7528812834341854,2.887023404180472
labeledDb\LabeledDB_new\Bust\314.off,4.646911955821716,3.2506658836947304,0.27965827547775607,1.7739542099301107,5.697824105300106
labeledDb\LabeledDB_new\Bust\315.off,5.3841017829980515,1.8862527180825732,0.3427212678299044,1.725616995561922,2.3984613668018304
labeledDb\LabeledDB_new\Bust\316.off,5.799751692409741,2.5693918701619936,0.3087001365208388,1.7636558219143947,2.5108411066951675
labeledDb\LabeledDB_new\Bust\317.off,5.638353576716769,1.727695260486242,0.37170973663425455,1.8149197568136641,3.0878869288208923
labeledDb\LabeledDB_new\Bust\318.off,4.5475924891944866,2.5479404530886756,0.25961692412467174,1.7767982135097682,3.829016901968647
labeledDb\LabeledDB_new\Bust\319.off,6.234701868493295,1.8419640662269459,0.42951357085258707,1.946473665011971,4.388013922045316
labeledDb\LabeledDB_new\Bust\320.off,7.328716403291481,2.3567042560903704,0.3047160603388618,1.7957608284250433,2.1351023854177393
labeledDb\LabeledDB_new\Chair\101.off,2.2662722816084178,32.04293687030013,0.05618656144404481,1.9252015247781529,5.121611363985553
labeledDb\LabeledDB_new\Chair\102.off,3.929325510561443,28.317494186534326,0.05868974905114208,1.9804089563108938,3.2856156073248433
labeledDb\LabeledDB_new\Chair\103.off,2.613103711758,20.70364615942071,0.07239430272909769,1.9275927506491204,3.0974424600155204
labeledDb\LabeledDB_new\Chair\104.off,2.3851709016173683,42.03731543265133,0.06896590436906067,1.8970012551733324,4.434785663487034
labeledDb\LabeledDB_new\Chair\105.off,2.3805609813201207,46.08308871334945,0.0716629038749364,1.8430485709739175,4.594849801690078
labeledDb\LabeledDB_new\Chair\106.off,3.343648056144632,34.10608260548324,0.0640716074930585,1.82434031757937,2.1749599363773116
labeledDb\LabeledDB_new\Chair\107.off,3.689781753144609,27.055881342061717,0.060547161968557535,1.9423364710201934,3.951671469075726
labeledDb\LabeledDB_new\Chair\108.off,3.5910257337736406,25.7327806201298,0.058498487066350836,1.9615943809046796,3.8797115794636188
labeledDb\LabeledDB_new\Chair\109.off,1.9375973757353482,19.609011109806268,0.05492442979843366,1.7694801491905388,2.463693816501158
labeledDb\LabeledDB_new\Chair\110.off,2.1142182031982006,33.63548056867695,0.06165020944175008,1.863781166345856,5.997181810689016
labeledDb\LabeledDB_new\Chair\111.off,2.093151541315412,31.079564161694908,0.06014651546552032,1.894145592397688,5.808871489167594
labeledDb\LabeledDB_new\Chair\112.off,2.7394106605897592,24.848786913238616,0.07658645006946661,1.840996159264079,2.6843576779733533
labeledDb\LabeledDB_new\Chair\113.off,2.317938386778334,33.6355982261648,0.05147167310519114,1.7124879071293364,3.8274264003800584
labeledDb\LabeledDB_new\Chair\114.off,1.0076492938001078,20.110708951981586,0.03495283525011369,1.6479341009384119,3.7982762529216076
labeledDb\LabeledDB_new\Chair\115.off,2.227529079056763,31.03167410938068,0.047931256200694675,1.7441625976440345,3.8431847394725795
labeledDb\LabeledDB_new\Chair\116.off,3.6093777121465305,31.445983590576326,0.0687133102177002,1.9057100518249124,3.5469268840626778
labeledDb\LabeledDB_new\Chair\117.off,3.451179107926827,70.59365518641957,0.04922148064891028,1.845529346494804,2.7337621414498186
labeledDb\LabeledDB_new\Chair\118.off,2.259433926335363,24.94363056165208,0.06350315226867619,1.9203032672998683,5.437108148279386
labeledDb\LabeledDB_new\Chair\119.off,2.989903270983901,31.101349465030125,0.06571859544867595,1.8856522295081477,2.239137798982449
labeledDb\LabeledDB_new\Chair\120.off,2.7502821332220555,31.026274895549346,0.07832151316311205,1.836175393344709,5.0695737829708465
labeledDb\LabeledDB_new\Cup\21.off,8.532710254929206,38.759485137764116,0.1683732801488576,1.7103743003748193,1.868098690978557
labeledDb\LabeledDB_new\Cup\22.off,11.408528863769403,22.269802970056187,0.241267834535495,1.8914017607775886,1.7265963597046154
labeledDb\LabeledDB_new\Cup\23.off,8.3282729238813,25.1117353702637,0.17299801658728536,1.797506381686279,2.270047569924161
labeledDb\LabeledDB_new\Cup\24.off,11.531435520839333,14.476848257300684,0.2906095795679697,1.906886293629028,1.7521854246218245
labeledDb\LabeledDB_new\Cup\25.off,11.919530211221339,106.37305745755698,0.1644330247830866,1.981659057254465,2.2992048632603916
labeledDb\LabeledDB_new\Cup\26.off,10.73081162978652,85.66328686570766,0.1479712270627891,1.9181081842178858,2.5284380408075515
labeledDb\LabeledDB_new\Cup\27.off,9.935083355420456,48.52450248530318,0.18623253987332436,1.8312246835955206,2.1699537485998697
labeledDb\LabeledDB_new\Cup\28.off,8.754257894662635,38.904060948657,0.16794629177921513,1.732562879260692,1.8160856541311512
labeledDb\LabeledDB_new\Cup\29.off,8.964377227889232,65.40300530857073,0.1562889154519012,1.8539836396234637,2.203072899794289
labeledDb\LabeledDB_new\Cup\30.off,4.257558864371799,26.836730819697998,0.09250720889808084,1.7059665400629382,3.7038129047712283
labeledDb\LabeledDB_new\Cup\31.off,10.6946500753399,13.271385064597029,0.25407177723360774,1.8902621631794094,1.8877246674062587
labeledDb\LabeledDB_new\Cup\32.off,9.682185329609265,75.77441178465457,0.1553908406280167,1.8058373570281747,2.0154766610939023
labeledDb\LabeledDB_new\Cup\33.off,10.44848657084975,23.421888828339018,0.22455422873957057,1.8190191313083812,1.3750871577117683
labeledDb\LabeledDB_new\Cup\34.off,11.147574319828392,16.1373353046139,0.28289864645447005,1.9225282363669456,1.68056003366505
labeledDb\LabeledDB_new\Cup\35.off,6.277348325543741,17.019756314423184,0.24483525703741635,1.7870274908710135,3.470056550868712
labeledDb\LabeledDB_new\Cup\36.off,8.935174311733464,88.47623154157941,0.08629972943481991,1.7408865146622685,1.6837502887146876
labeledDb\LabeledDB_new\Cup\37.off,12.477987278992194,32.96669898796689,0.23027118703308122,1.8456000030014899,1.2404188742328732
labeledDb\LabeledDB_new\Cup\38.off,11.158973311905923,35.72457072106529,0.21405989495580544,1.87531855287508,2.185119004794268
labeledDb\LabeledDB_new\Cup\39.off,11.659442345741162,162.47341670736702,0.12273057843734775,1.8749237114550876,1.6604012879719883
labeledDb\LabeledDB_new\Cup\40.off,11.282776553574069,81.05833913569175,0.20225668235489955,1.9958789069460159,3.147375816001499
labeledDb\LabeledDB_new\Fish\221.off,2.451626017109049,3.4328581603968376,0.17186827266929158,1.7993183506014365,12.539742098194935
labeledDb\LabeledDB_new\Fish\222.off,1.8406226000814068,3.2743468295322726,0.19557333886793715,1.8356346130046604,15.329157761377804
labeledDb\LabeledDB_new\Fish\223.off,2.2061511621508867,5.0421421347928685,0.118780577017839,1.8095882565773436,12.62343298480825
labeledDb\LabeledDB_new\Fish\224.off,1.7714152132196102,4.052184002189793,0.18767893971824468,1.8418089200047705,21.027715557591776
labeledDb\LabeledDB_new\Fish\225.off,2.0792301708184033,4.860510110401687,0.13153518307426987,1.8204449498355324,11.010464240696747
labeledDb\LabeledDB_new\Fish\226.off,1.9114275913565495,3.305797075478906,0.21505780000357777,1.9073631508126838,15.669438435172689
labeledDb\LabeledDB_new\Fish\227.off,1.9114275913565495,3.305797075478906,0.21505780000357777,1.9073631508126838,15.669438435172689
labeledDb\LabeledDB_new\Fish\228.off,1.9606901860555255,3.5251395286040466,0.1844715247276772,1.8151040743348141,15.653966328203182
labeledDb\LabeledDB_new\Fish\229.off,2.024837233967823,3.2572009028915736,0.21043378870511475,1.8954841373875642,14.050468094929071
labeledDb\LabeledDB_new\Fish\230.off,2.630009973209686,3.459048577350738,0.17770957980273733,1.8125102103777846,12.023916228361546
labeledDb\LabeledDB_new\Fish\231.off,2.0851376502173067,3.8931792980310074,0.15829931365235914,1.8140244127684597,13.822420150771872
labeledDb\LabeledDB_new\Fish\232.off,1.8773962985255723,4.023449361141854,0.21015805768838755,1.8474184836907657,22.990872448524506
labeledDb\LabeledDB_new\Fish\233.off,3.047128070103756,4.1054021446347235,0.1498808182550113,1.7104372242050998,5.128209919534409
labeledDb\LabeledDB_new\Fish\234.off,2.6287792819987987,4.465662135034664,0.14227478298072646,1.8452713043561262,10.54834207656777
labeledDb\LabeledDB_new\Fish\235.off,1.845555633358345,4.034289065192722,0.16103616597276316,1.8557558022706324,18.624610878644884
labeledDb\LabeledDB_new\Fish\236.off,1.6438083712910259,4.767729657320136,0.13262910107492001,1.829733546321996,23.398505138691963
labeledDb\LabeledDB_new\Fish\237.off,1.4890464535935823,4.488504777464681,0.16852222917858167,1.8331410469002294,30.70659137623142
labeledDb\LabeledDB_new\Fish\238.off,1.663834974050481,4.360445787466546,0.15739710407365928,1.8161566167572227,21.04507898214779
labeledDb\LabeledDB_new\Fish\239.off,1.8692753599697034,3.7249038355905126,0.22422019429454138,1.8761896950641164,26.019815692622586
labeledDb\LabeledDB_new\Fish\240.off,2.2338432480161865,4.105583612552327,0.17114323772069984,1.7965109236923387,15.061584809606003
labeledDb\LabeledDB_new\FourLeg\381.off,2.834354356923868,3.4222988668016594,0.244658263368119,1.7298318142280458,8.664050326069308
labeledDb\LabeledDB_new\FourLeg\382.off,2.518692335778726,5.633551932580409,0.11304022282936865,1.9265488367343664,9.87712480848465
labeledDb\LabeledDB_new\FourLeg\383.off,3.5885058808858443,4.470691113935435,0.3079988893873437,1.8591598100388915,10.82067187120538
labeledDb\LabeledDB_new\FourLeg\384.off,3.00633389492072,6.131215625375075,0.19718860036892505,1.995454015857797,14.482786900394611
labeledDb\LabeledDB_new\FourLeg\385.off,3.080083855079656,6.03189263581115,0.1742802848333977,1.8291919014472309,15.186643956527796
labeledDb\LabeledDB_new\FourLeg\386.off,3.3041091063801837,5.646713168063422,0.10614112290896985,1.9012869810344943,8.930033322891884
labeledDb\LabeledDB_new\FourLeg\387.off,2.7321644978810475,6.240706932631346,0.10830978985448987,1.9590283812048805,17.07107282177176
labeledDb\LabeledDB_new\FourLeg\388.off,3.712778225750211,5.076278935775544,0.23510735422084367,1.885917911993354,9.723461768161428
labeledDb\LabeledDB_new\FourLeg\389.off,3.012498917355984,8.604408927017912,0.13578768529783627,1.9429246594843697,9.65852865536813
labeledDb\LabeledDB_new\FourLeg\390.off,1.5437187401965453,12.044488175726242,0.0586773001880952,1.820129167343635,15.250666813755537
labeledDb\LabeledDB_new\FourLeg\391.off,3.077273067272319,5.143876764006355,0.2594028239157749,1.7906381159498317,30.236286173759463
labeledDb\LabeledDB_new\FourLeg\392.off,3.26326733250019,4.120672111810159,0.22934377033241313,1.8945734206108826,12.37470403421197
labeledDb\LabeledDB_new\FourLeg\393.off,2.526762995959587,7.522626951026574,0.1562980856855854,1.8801284963426268,44.85080775683394
labeledDb\LabeledDB_new\FourLeg\394.off,2.3857973338510265,7.105424584092893,0.15088814594193825,1.8397242457257703,12.717659004648212
labeledDb\LabeledDB_new\FourLeg\395.off,2.6144222048425583,6.786076284524755,0.07081124062341321,1.8054342484023835,14.209955237692425
labeledDb\LabeledDB_new\FourLeg\396.off,2.7857647380668498,6.74258686217486,0.17965471753328077,1.972889557203123,16.302517572205176
labeledDb\LabeledDB_new\FourLeg\397.off,2.6987574179931437,6.19715917628619,0.17593727081823524,1.824613710620697,14.86308070549998
labeledDb\LabeledDB_new\FourLeg\398.off,1.5396043559475847,6.408061445842316,0.16672539813641743,1.4665438238521475,28.151238743296158
labeledDb\LabeledDB_new\FourLeg\399.off,2.7977041264426874,6.381029022990713,0.1250713121993345,1.9449947892537978,9.221859539795998
labeledDb\LabeledDB_new\FourLeg\400.off,2.360790309927715,7.337640908541596,0.13816027440126902,1.8652539138313766,17.743489490675998
labeledDb\LabeledDB_new\Glasses\41.off,0.7815101511687472,42.308782863922474,0.027520058434345965,1.4123988954294402,14.01516524356111
labeledDb\LabeledDB_new\Glasses\42.off,0.5733849686457274,25.57057152207964,0.023229055880330637,1.4254587285534288,20.42239754083167
labeledDb\LabeledDB_new\Glasses\43.off,0.45997686602224336,29.04187917261709,0.01923063383625814,1.3979824296042156,37.80727164315087
labeledDb\LabeledDB_new\Glasses\44.off,0.8817050164168292,45.74924265047309,0.02659535134168478,1.3806372391532633,22.85352499295502
labeledDb\LabeledDB_new\Glasses\45.off,0.756253775608578,24.709684645086835,0.028523157894474634,1.3931130892148476,25.958096755597
labeledDb\LabeledDB_new\Glasses\46.off,0.6634611242391873,15.608050606347643,0.045271875658144105,1.8913761536236193,44.40356339310393
labeledDb\LabeledDB_new\Glasses\47.off,0.6304832010315211,14.89246906605969,0.15858095857440807,1.9851230704542382,251.24449525370684
labeledDb\LabeledDB_new\Glasses\48.off,0.8009241853858475,34.373529889395904,0.02683114010674529,1.5136334571512775,25.45434349345898
labeledDb\LabeledDB_new\Glasses\49.off,0.7697576496109236,23.386551431095256,0.035161217100742284,1.6918023736323216,37.73666906166523
labeledDb\LabeledDB_new\Glasses\50.off,0.8592058735597606,35.42928113283746,0.03297452959842804,1.4323441996464805,14.107839680819733
labeledDb\LabeledDB_new\Glasses\51.off,0.6154900735113208,20.205124905195277,0.028420940513510393,1.5516443445164705,26.075039408041256
labeledDb\LabeledDB_new\Glasses\52.off,0.4551948303125991,13.555576538917055,0.03816362350334423,1.8868819115125826,43.45649293970588
labeledDb\LabeledDB_new\Glasses\53.off,0.6526535211821848,19.203582476744398,0.03437705957799851,1.8181520985791901,46.883588262591154
labeledDb\LabeledDB_new\Glasses\54.off,0.8300554675600984,34.83992492128162,0.031786697826064254,1.432241521879476,14.158836908587988
labeledDb\LabeledDB_new\Glasses\55.off,0.5875345095290091,19.90487918882173,0.028028881378729692,1.5176976246855731,26.83925177081091
labeledDb\LabeledDB_new\Glasses\56.off,1.438253335761596,51.60633184360801,0.033566787728136295,1.510582722311184,15.729469900349235
labeledDb\LabeledDB_new\Glasses\57.off,0.8304151551999185,34.861008260793604,0.03182631161975551,1.431498208963234,14.124221636970727
labeledDb\LabeledDB_new\Glasses\58.off,0.546461584524097,17.13711617893333,0.08294444999547364,1.9435315491364489,127.18337858324642
labeledDb\LabeledDB_new\Glasses\59.off,0.7947336383380638,16.518830434407477,0.049120150848044164,1.7643652856369467,33.44958444532581
labeledDb\LabeledDB_new\Glasses\60.off,0.6501226663003109,15.095865436689554,0.04642845138030555,1.8602732014440462,44.20480419603044
labeledDb\LabeledDB_new\Hand\181.off,2.8870044731514137,7.321349084776333,0.1395435388626292,1.9442174391560447,21.846798864102762
labeledDb\LabeledDB_new\Hand\182.off,4.174788288246928,5.943893902015288,0.19834337688796366,1.9863520794455705,10.194781814982468
labeledDb\LabeledDB_new\Hand\183.off,5.2067589807638495,6.28343122773525,0.22518478458579907,1.8910766504134764,13.850735744850448
labeledDb\LabeledDB_new\Hand\184.off,3.375194259494556,7.633093985386437,0.18605668044391652,1.7975600706431654,12.175697144622482
labeledDb\LabeledDB_new\Hand\185.off,2.4991213035937374,7.0768970805585045,0.23400005696082196,1.6711487007037824,50.05063990957474
labeledDb\LabeledDB_new\Hand\186.off,3.135112357916492,5.712511853303826,0.18660149444378024,1.8410697072373117,15.358837017115368
labeledDb\LabeledDB_new\Hand\187.off,3.0426864854097335,6.81564019013454,0.15497832200732056,1.9515854909376935,20.718383645852793
labeledDb\LabeledDB_new\Hand\188.off,3.3728697799915137,11.033990640921695,0.07193644201561736,1.8347543375769253,5.234073653909675
labeledDb\LabeledDB_new\Hand\189.off,3.3662816666646447,11.636782395812347,0.07964987722389198,1.5952851838105861,2.0888449612012594
labeledDb\LabeledDB_new\Hand\190.off,2.3815744992845103,12.433703925460275,0.10216201242544279,1.652581775006605,15.449602355954585
labeledDb\LabeledDB_new\Hand\191.off,4.930784505187036,6.066581659389918,0.1622399296384895,1.948814338924612,4.402559037378043
labeledDb\LabeledDB_new\Hand\192.off,2.88952545262089,12.367842086070054,0.10640280872521604,1.8188275168189956,55.831718613578914
labeledDb\LabeledDB_new\Hand\193.off,2.3732337073833376,11.715856406411199,0.13669250553221796,1.6446666132196102,6.334933932231312
labeledDb\LabeledDB_new\Hand\194.off,2.8521067900292936,12.40922707592919,0.13930150766947808,1.778964562956532,11.320083674127558
labeledDb\LabeledDB_new\Hand\195.off,2.7260532465392,11.51712528476198,0.13748226621529008,1.7373832269048874,7.747941033614313
labeledDb\LabeledDB_new\Hand\196.off,2.29184706507647,11.881806752415452,0.07667798242254628,1.600780570466343,6.537060714528323
labeledDb\LabeledDB_new\Hand\197.off,2.4540542311152476,12.194890882326025,0.10754583545257607,1.6543432824462496,5.632675490823049
labeledDb\LabeledDB_new\Hand\198.off,2.429211723581982,6.162220027457305,0.19950916560618437,1.95791314459581,25.714177963762115
labeledDb\LabeledDB_new\Hand\199.off,3.7693103048589007,5.476126896948211,0.2708188964217104,1.958679967467558,12.86619486379512
labeledDb\LabeledDB_new\Hand\200.off,2.5787712216669303,6.584701061184357,0.10379718132153538,1.7551062554087367,23.848579287408064
labeledDb\LabeledDB_new\Human\1.off,1.7687659218840017,13.948053754032562,0.1542646351106052,1.806941037439437,59.686155368606485
labeledDb\LabeledDB_new\Human\10.off,1.94806793395771,12.005490475619768,0.10585048257881159,1.9126620825544198,62.24126020562601
labeledDb\LabeledDB_new\Human\11.off,2.253485689189665,9.843058266086075,0.08254332962189985,1.8095300672889478,40.57964638380205
labeledDb\LabeledDB_new\Human\12.off,2.1888926496689773,8.625703786909252,0.08512052759735994,1.8278535729621983,39.86645667471168
labeledDb\LabeledDB_new\Human\13.off,2.770697179463442,6.352793509900735,0.14562068668851422,1.9724538739294428,23.8985612716783
labeledDb\LabeledDB_new\Human\14.off,1.12370579396271,11.56125655494848,0.02590710066996141,1.389365246772986,3.8210123732974903
labeledDb\LabeledDB_new\Human\15.off,1.8510007757091227,11.824294211855431,0.10418200698719297,1.5719841193399542,10.299187768277012
labeledDb\LabeledDB_new\Human\16.off,2.3634646961465604,9.475781639332425,0.08926099695348011,1.904071389241982,15.231849950402795
labeledDb\LabeledDB_new\Human\17.off,2.063910850270518,11.351933245627732,0.05520888463401001,1.868790701489149,15.903682975782548
labeledDb\LabeledDB_new\Human\18.off,3.193886544049614,5.556862826905072,0.1324663516044333,1.8970372479772186,9.053678543029871
labeledDb\LabeledDB_new\Human\19.off,2.169696661041458,10.901311238063013,0.06871871839460938,1.9652033468193215,51.228312290919604
labeledDb\LabeledDB_new\Human\2.off,2.187329407767109,8.833890233481851,0.15500418096495397,1.8947070010233957,36.886178622555086
labeledDb\LabeledDB_new\Human\20.off,2.1166317904244267,12.273981238129034,0.07267177094477727,1.9290447125720787,59.59419614014123
labeledDb\LabeledDB_new\Human\3.off,1.3334324414098015,10.87425435672608,0.07698952609283292,1.5229165236739353,15.018374644722762
labeledDb\LabeledDB_new\Human\4.off,1.286895736923369,10.942877926498294,0.06616043639302016,1.486874372026776,17.134564331166914
labeledDb\LabeledDB_new\Human\5.off,2.5970196020550094,7.875406729441263,0.09474728124109631,1.942922539730241,31.78150274808097
labeledDb\LabeledDB_new\Human\6.off,2.0033575160460453,10.653364363907134,0.23687909967690216,1.7665651913294667,37.63569277683978
labeledDb\LabeledDB_new\Human\7.off,2.08997518969946,9.657041564095485,0.2529901713819117,1.8688228574275103,38.13392708187299
labeledDb\LabeledDB_new\Human\8.off,1.6422313285658225,13.003460688968394,0.05871543780474376,1.837382902980295,29.427419535027592
labeledDb\LabeledDB_new\Human\9.off,1.587453434482102,12.323453008811388,0.06225858988897365,1.8334464037567553,29.31018017985144
labeledDb\LabeledDB_new\Mech\321.off,7.7402190165071625,2.2017016981521125,0.8072670138680824,1.8668903505361794,1.4515517361150325
labeledDb\LabeledDB_new\Mech\322.off,7.723416579258474,2.1766059851153368,0.8081527870726898,1.8677466431910925,1.4557155858667585
labeledDb\LabeledDB_new\Mech\323.off,7.683156910154509,2.1481886781211528,0.8090987587466105,1.8662287308563872,1.4590941184204524
labeledDb\LabeledDB_new\Mech\324.off,8.22780088823296,2.3101346129642883,0.5886970145866759,1.9644125211459165,1.8547875625200376
labeledDb\LabeledDB_new\Mech\325.off,7.835606049952648,2.4137996175706595,0.5364853663646031,1.8966951072434888,1.5854504374997607
labeledDb\LabeledDB_new\Mech\326.off,8.123215874602923,2.033345991348745,0.6439644029656313,1.935670320833993,2.153608068573785
labeledDb\LabeledDB_new\Mech\327.off,6.987353826482545,2.3769077043208564,0.503577074162414,1.9355010193658306,2.2971429700810777
labeledDb\LabeledDB_new\Mech\328.off,7.853879572947577,2.102600944440277,0.813726373016028,1.890010406948163,1.419401052021765
labeledDb\LabeledDB_new\Mech\329.off,7.826574494535157,2.1680695505826275,0.8104118855483585,1.8796602366681916,1.4340190039498801
labeledDb\LabeledDB_new\Mech\330.off,7.827753616235255,2.182273908832189,0.8094479032246624,1.8785026259144197,1.4350707265508218
labeledDb\LabeledDB_new\Mech\331.off,8.03023522340472,3.0844952318513927,0.710252649030081,1.921164989701978,1.7005979718902513
labeledDb\LabeledDB_new\Mech\332.off,7.476385723024396,2.1469254691288078,0.7613688757124477,1.8922041614569471,1.718563052074998
labeledDb\LabeledDB_new\Mech\333.off,7.880410781047185,3.137849984759903,0.7091418158143218,1.8987170917587748,1.7085776335797176
labeledDb\LabeledDB_new\Mech\334.off,7.5974123230318,2.3975229790461627,0.7941501154364442,1.976464341122129,2.0895431825935598
labeledDb\LabeledDB_new\Mech\335.off,7.745419845488513,2.2017019116033625,0.8072669200190097,1.8675173853944786,1.4515519124972118
labeledDb\LabeledDB_new\Mech\336.off,4.328248904512848,2.0111753244547654,0.5807064358750794,1.611490192360607,1.5353513038743327
labeledDb\LabeledDB_new\Mech\337.off,8.928292334643219,1.7372555748285885,0.5735177348493076,1.9525332914554752,2.412751336522734
labeledDb\LabeledDB_new\Mech\338.off,7.437458639377177,1.9298079049045571,0.6773723698770675,1.8512427676459775,1.434469713754989
labeledDb\LabeledDB_new\Mech\339.off,8.027443695120782,3.0844979683851728,0.7102522829154088,1.920831474831695,1.700598784873083
labeledDb\LabeledDB_new\Mech\340.off,7.591705143148541,2.397521720391328,0.7941507922623267,1.9757219950769889,2.0895426153851666
labeledDb\LabeledDB_new\Octopus\121.off,2.2686150125731532,10.597863683725773,0.06001117622687549,1.9851221387857036,6.721660563754141
labeledDb\LabeledDB_new\Octopus\122.off,2.4258051335685598,13.066713583284175,0.05286963392988411,1.9429364186385896,6.923054723444803
labeledDb\LabeledDB_new\Octopus\123.off,3.180769983723266,7.239689638651331,0.10294071351184908,1.5411421475439762,1.6384749189662708
labeledDb\LabeledDB_new\Octopus\124.off,0.6674130012860967,13.43557908505262,0.007491039570456961,1.8099680738411532,5.017112539279341
labeledDb\LabeledDB_new\Octopus\125.off,0.9871516218054638,6.816281742724546,0.03990707866086288,1.1352416271273573,2.7891498218174378
labeledDb\LabeledDB_new\Octopus\126.off,1.6985884491834289,22.176648049496208,0.016834399932482327,1.8504154102718688,6.360682895037291
labeledDb\LabeledDB_new\Octopus\127.off,3.331254052847338,11.241671814509656,0.06841854905118006,1.8008823698914922,3.2824902047287208
labeledDb\LabeledDB_new\Octopus\128.off,1.6434715578307995,14.596153337280272,0.03705346321967926,1.7786629345987641,9.344845494570047
labeledDb\LabeledDB_new\Octopus\129.off,2.0494742605129326,6.467913386206547,0.0486185206516127,1.9667208678255905,6.8388406772458215
labeledDb\LabeledDB_new\Octopus\130.off,2.134360550699318,7.027476819287128,0.054407161537119705,1.9547156599791726,5.3088903680255175
labeledDb\LabeledDB_new\Octopus\131.off,2.949210285366412,9.371847626141466,0.06630532584090594,1.6749739840917621,3.617016024555779
labeledDb\LabeledDB_new\Octopus\132.off,2.577691527683159,5.174506758931607,0.30050054144689986,1.9437858017557321,10.729913911739427
labeledDb\LabeledDB_new\Octopus\133.off,2.747451440279872,7.633168723508113,0.07695145315428217,1.7160245218955381,3.5711616355434668
labeledDb\LabeledDB_new\Octopus\134.off,3.111226590888815,13.265817334798554,0.06071933693004202,1.7610890800092682,2.1958800828556906
labeledDb\LabeledDB_new\Octopus\135.off,3.488005832564766,18.801457568986756,0.07078515783624516,1.558346261915026,1.4841366636092366
labeledDb\LabeledDB_new\Octopus\136.off,3.0557252358397533,7.271652626117731,0.10255365031820832,1.770846151398934,2.6546722330165564
labeledDb\LabeledDB_new\Octopus\137.off,1.6513543164205136,7.547894978035563,0.048656047485928174,1.6977793900570561,2.2129324199822626
labeledDb\LabeledDB_new\Octopus\138.off,2.51812484651799,5.608332552231471,0.08599047014394859,1.8692558926074772,3.327149854072726
labeledDb\LabeledDB_new\Octopus\139.off,1.7550912937241991,12.991805591991028,0.051517924401501936,1.747661732404497,12.185657732125291
labeledDb\LabeledDB_new\Octopus\140.off,2.4348514011627165,10.550450606031536,0.05084071717744813,1.9490349136637615,5.933832975969428
labeledDb\LabeledDB_new\Plier\201.off,1.57081141512259,10.116598879982249,0.16130021893132088,1.84338310617609,65.69175060885455
labeledDb\LabeledDB_new\Plier\202.off,1.5729639188318616,10.27300228788727,0.15971720822606927,1.858191777995027,63.13377768947374
labeledDb\LabeledDB_new\Plier\203.off,1.6046565097496834,10.420209937313219,0.16387410939799618,1.8696793127947413,58.50486673844011
labeledDb\LabeledDB_new\Plier\204.off,1.4255551589128581,9.970562251397963,0.1369604908677835,1.8023154351892037,88.68143032664898
labeledDb\LabeledDB_new\Plier\205.off,1.7476614805842263,10.467743159555274,0.1632818561234994,1.9587478616270448,67.70713010847861
labeledDb\LabeledDB_new\Plier\206.off,1.6831028166152033,10.662019426682757,0.16848049885271416,1.9187800410160332,60.637329467486644
labeledDb\LabeledDB_new\Plier\207.off,1.73598763968742,10.802623411674325,0.16893563899045316,1.9578852587711308,57.2814131179789
labeledDb\LabeledDB_new\Plier\208.off,1.7143214069251933,11.288653428777645,0.16170749727939054,1.9487437717249692,55.78976877441071
labeledDb\LabeledDB_new\Plier\209.off,1.6507899874722047,11.205141568921773,0.15623479704174123,1.9086100967273132,68.03124578710077
labeledDb\LabeledDB_new\Plier\210.off,1.6117598317267579,10.663159399201888,0.1497347217589676,1.8668888535012642,67.43317099603986
labeledDb\LabeledDB_new\Plier\211.off,1.5097906537145236,10.468075322142433,0.1459942624181759,1.8269537344307432,80.98161531575114
labeledDb\LabeledDB_new\Plier\212.off,1.4085682481494568,9.172086337218643,0.13276939743416075,1.8717777797303146,88.99529158338468
labeledDb\LabeledDB_new\Plier\213.off,1.4569231485976162,10.196730140689139,0.15956988808392183,1.9724871206125707,98.57175702213982
labeledDb\LabeledDB_new\Plier\214.off,1.508754802808914,10.077977863845176,0.1551629680710813,1.9421134933347521,87.51951490191705
labeledDb\LabeledDB_new\Plier\215.off,1.612979743785896,10.255927739789808,0.15940176680503712,1.9203866299698527,78.87114827379072
labeledDb\LabeledDB_new\Plier\216.off,1.6347936618485668,10.32851709736621,0.1594823741472582,1.9006026067952333,75.57042809494908
labeledDb\LabeledDB_new\Plier\217.off,1.7552100542500266,10.99695284215928,0.18347775234306654,1.972301073058547,62.72445084782589
labeledDb\LabeledDB_new\Plier\218.off,1.7149616097976623,11.41290260904577,0.1916136175889648,1.9596778946983475,55.1448106665636
labeledDb\LabeledDB_new\Plier\219.off,1.293820976162499,12.896613296221558,0.11430226100234718,1.8178687372925173,82.50247498918151
labeledDb\LabeledDB_new\Plier\220.off,1.3908060006834708,13.069442394210043,0.12867413701565972,1.8687470435377533,87.27467327669169
labeledDb\LabeledDB_new\Table\141.off,4.778573724174891,48.055095805124836,0.08996776629128998,1.9850501715075475,5.586459903159166
labeledDb\LabeledDB_new\Table\142.off,3.7813445245054753,65.52187879358647,0.13757783193191866,1.9850895013734773,67.92769819290541
labeledDb\LabeledDB_new\Table\143.off,3.562423910845937,62.037289854657416,0.12966012842104524,1.9840088256397697,104.10751976073843
labeledDb\LabeledDB_new\Table\144.off,5.779454620446431,65.9068204528955,0.11223476255649885,1.990812039144548,42.695748084125924
labeledDb\LabeledDB_new\Table\145.off,3.224097104895734,41.53816607401979,0.053481791886203736,1.559626593751895,1.7353225426181627
labeledDb\LabeledDB_new\Table\146.off,5.030162091232778,24.28730478715261,0.10638926058242182,1.6791819474989709,1.9244855149469913
labeledDb\LabeledDB_new\Table\147.off,5.198517309269084,20.770242559190365,0.12722117223378238,1.753699199892621,7.582731688049484
labeledDb\LabeledDB_new\Table\148.off,7.6389944145126005,37.037938706830104,0.14014748901220356,1.9900949024824128,13.085915659287867
labeledDb\LabeledDB_new\Table\149.off,7.075222597129868,32.672983847211135,0.134124833016497,1.9880399843146697,21.375672067581593
labeledDb\LabeledDB_new\Table\150.off,2.0454345048246587,37.30587917887982,0.04558289229241906,1.3967340035241553,2.133300618243384
labeledDb\LabeledDB_new\Table\151.off,4.695736439637502,38.49012009787717,0.14437866398360139,1.8840213344921592,8.461437265374666
labeledDb\LabeledDB_new\Table\152.off,2.7887290825236506,25.866048414924872,0.11436813134654089,1.7893731300740041,11.33917854163428
labeledDb\LabeledDB_new\Table\153.off,4.49830252150724,48.93736036704721,0.11901470012681814,1.9741169804647531,14.968144314001979
labeledDb\LabeledDB_new\Table\154.off,4.9269689155939576,28.512820611846596,0.08350368462610157,1.9023420552480301,8.001346651051495
labeledDb\LabeledDB_new\Table\155.off,5.767576295754454,44.7697226064945,0.07747139987558445,1.9184423718270542,4.199746625755627
labeledDb\LabeledDB_new\Table\156.off,2.843290607105016,51.47639420188889,0.03877974555384686,1.770957368734012,13.349609215876521
labeledDb\LabeledDB_new\Table\157.off,7.223223935739954,26.556400100259495,0.11956405055940651,1.9803148845071832,8.759156693727387
labeledDb\LabeledDB_new\Table\158.off,2.844287242855544,45.778153019483995,0.039143097676596336,1.6013227479941754,2.1308995960560146
labeledDb\LabeledDB_new\Table\159.off,4.801914119024395,58.12648749829108,0.09934850878475131,1.9909826934277566,8.59819711009115
labeledDb\LabeledDB_new\Table\160.off,2.5410965829421506,73.87451926705587,0.056998526617439524,1.7323378325409502,11.518642924440059
labeledDb\LabeledDB_new\Teddy\161.off,4.462291630597667,3.414733917971843,0.32405358628748115,1.8429674002960097,7.459415019775043
labeledDb\LabeledDB_new\Teddy\162.off,3.9240907970847236,3.090791048168501,0.2299429251732175,1.9112650558520743,7.051408239667848
labeledDb\LabeledDB_new\Teddy\163.off,4.208823133793976,3.3078495371479524,0.23578343959212036,1.9525853876927268,8.578044768300586
labeledDb\LabeledDB_new\Teddy\164.off,4.523528763408831,3.2837691710074823,0.28812678780927703,1.8874533260256081,6.715189758121314
labeledDb\LabeledDB_new\Teddy\165.off,4.114574575372516,3.1893109949257994,0.29638982065250863,1.9553901279620374,8.364850877422745
labeledDb\LabeledDB_new\Teddy\166.off,4.1534631827571245,3.4201744126219475,0.20732556073097527,1.9104977969228234,6.473572860958167
labeledDb\LabeledDB_new\Teddy\167.off,4.1505735383860705,3.461992938007165,0.21988012854141276,1.8398081139358573,4.6878316636827755
labeledDb\LabeledDB_new\Teddy\168.off,4.104174021056493,3.197085224686346,0.30087428929153415,1.9361946537099923,7.859322286189597
labeledDb\LabeledDB_new\Teddy\169.off,4.540333511150068,3.8364251000670584,0.27558800684316576,1.9283994076815956,10.30221133188219
labeledDb\LabeledDB_new\Teddy\170.off,4.175813707727342,3.7990986836578537,0.27826733103942414,1.8583762117414437,8.875977957079055
labeledDb\LabeledDB_new\Teddy\171.off,4.039153829152278,3.8375805807068337,0.2315109441257307,1.9599669856097632,4.563222496889624
labeledDb\LabeledDB_new\Teddy\172.off,4.201928457970741,3.0335993114681825,0.24471855743616702,1.947989558515389,6.762025767361524
labeledDb\LabeledDB_new\Teddy\173.off,3.913068450642473,3.517730963300556,0.29754563954664587,1.823057337241622,4.395031098039118
labeledDb\LabeledDB_new\Teddy\174.off,3.3666506458005974,3.659296201185658,0.18110911633995372,1.896479966985023,6.8500179985639225
labeledDb\LabeledDB_new\Teddy\175.off,3.952234043778558,3.3467027450552043,0.2161860724575288,1.9852038870341322,7.789846005712895
labeledDb\LabeledDB_new\Teddy\176.off,4.353253569853188,3.810065302390081,0.20127275079524726,1.8183066652198876,4.388968506885802
labeledDb\LabeledDB_new\Teddy\177.off,4.085609771595487,3.6529914323582973,0.21881837650432923,1.806228560277119,4.796341402632744
labeledDb\LabeledDB_new\Teddy\178.off,3.8298401566965685,3.3108199912757392,0.2379420185384731,1.8660723080456671,5.9537988990385635
labeledDb\LabeledDB_new\Teddy\179.off,4.245068541561532,3.510269796096938,0.21711534504579078,1.822265788307621,6.123803057588588
labeledDb\LabeledDB_new\Teddy\180.off,3.603679041591782,3.3652089671502754,0.27982746853390555,1.9091185402600412,11.466535034164641
labeledDb\LabeledDB_new\Vase\361.off,5.333138258771053,5.415833441957261,0.24296548642391472,1.944955485777393,3.365516636159594
labeledDb\LabeledDB_new\Vase\362.off,3.576003209672912,4.828923855776691,0.3252170877697281,1.7399313794112392,7.0765390273627435
labeledDb\LabeledDB_new\Vase\363.off,2.1590536857189178,2.1306737044990807,0.34316642094245314,1.653043472846464,10.042552675048807
labeledDb\LabeledDB_new\Vase\364.off,4.416167769240701,5.722474220308246,0.16569861116986168,1.656122413174574,3.944184437532724
labeledDb\LabeledDB_new\Vase\365.off,7.696390139551253,1.612916486915726,0.4074542535533887,1.7552261413655716,1.984694713750413
labeledDb\LabeledDB_new\Vase\366.off,4.422464755398169,2.302318959869113,0.36274208093683197,1.8711052412079077,5.1622608421996485
labeledDb\LabeledDB_new\Vase\367.off,4.438505552281017,1.635174091567265,0.3328671600580884,1.859854029137357,2.4821895342399642
labeledDb\LabeledDB_new\Vase\368.off,4.548263696239563,1.5127167245172124,0.41951578627104263,1.7107382288534936,1.802965149631483
labeledDb\LabeledDB_new\Vase\369.off,5.650737263235297,1.9007654195819084,0.39956283624009825,1.8915347738384145,3.2106576470968924
labeledDb\LabeledDB_new\Vase\370.off,4.920441443113887,1.5304811085015304,0.3670956179049023,1.8514987653050143,2.8399888444801027
labeledDb\LabeledDB_new\Vase\371.off,5.116790410391629,1.5158319479255686,0.3954529796665748,1.794899371180698,3.1069163405836546
labeledDb\LabeledDB_new\Vase\372.off,3.171744705287679,2.004301951687118,0.28154386407543003,1.5796377196968971,2.665948460812851
labeledDb\LabeledDB_new\Vase\373.off,3.934517749551041,2.289823346865172,0.3944585034600513,1.8972875276453376,5.884644488558122
labeledDb\LabeledDB_new\Vase\374.off,3.6865798571059343,3.0611287050709746,0.4296474652547051,1.9536210107614393,9.95328000263538
labeledDb\LabeledDB_new\Vase\375.off,3.1959846353724353,2.7162590004207603,0.22703569236044638,1.8885259185360244,5.354337301722353
labeledDb\LabeledDB_new\Vase\376.off,6.12440877043042,2.6882980759479764,0.3538411314360563,1.9920846975994992,4.97619405982352
labeledDb\LabeledDB_new\Vase\377.off,3.3436517186746215,2.320380949607914,0.33171847781506436,1.677718022355174,6.423854387474603
labeledDb\LabeledDB_new\Vase\378.off,3.178567192109315,2.219602510793925,0.2752983713111054,1.578089542020043,2.6497117156269954
labeledDb\LabeledDB_new\Vase\379.off,4.321566458804584,1.5955440941992307,0.3316578866296897,1.8474993656257792,2.276734112427226
labeledDb\LabeledDB_new\Vase\380.off,4.9292833160051925,5.8547827065745395,0.27212872388068204,1.620521705365203,3.5127385307090107
