,surfaceArea,compactness,BBoxVolume,diameter,eccentricity
labeledDb\LabeledDB_new\Airplane\61.off,-0.6576442123308267,-0.15063372425262855,-0.8401911023325134,0.8514357557518836,0.43721764497209226
labeledDb\LabeledDB_new\Airplane\62.off,-0.5924629458040297,-0.40425901578330165,-0.03707611421776251,0.7812167378367952,0.19077914505122234
labeledDb\LabeledDB_new\Airplane\63.off,-0.553632102827403,-0.34780223645600616,-0.06499709591295724,1.015119209283067,0.16850908730730885
labeledDb\LabeledDB_new\Airplane\64.off,-0.5037926741810054,-0.20593096324319893,-0.03156869535207648,0.26383698078832485,0.5089980140901577
labeledDb\LabeledDB_new\Airplane\65.off,-0.6808868796815334,-0.08132373138619041,-0.42102865707062753,-0.5075310934600119,0.6834961284798176
labeledDb\LabeledDB_new\Airplane\66.off,-0.5678230691837934,0.5122093665366685,-0.7212660941785419,-0.6159965371234863,1.709653521899273
labeledDb\LabeledDB_new\Airplane\67.off,-0.42024437844927165,-0.09510911571542742,-0.07695300919953932,-0.00587311378900391,0.5751466657336703
labeledDb\LabeledDB_new\Airplane\68.off,-0.7383108813079451,0.05719131441640016,-0.4968075836313948,-0.22087807073395582,0.5764661920004505
labeledDb\LabeledDB_new\Airplane\69.off,-0.5164048065589951,-0.028435805440258553,-0.46759242497355863,0.4802078425279574,0.6911717883155497
labeledDb\LabeledDB_new\Airplane\70.off,-0.6091248229520169,0.39120583624073546,-0.4954419954078786,0.9846590095740495,2.243828207080962
labeledDb\LabeledDB_new\Airplane\71.off,-0.546877997202883,-0.11708389833692252,-0.03147400462444792,0.9238775441806393,0.3563826780552099
labeledDb\LabeledDB_new\Airplane\72.off,-0.6549885509094863,0.013033022947975263,-0.39127727031150267,0.927885942325185,0.9285422540876587
labeledDb\LabeledDB_new\Airplane\73.off,-0.6858203159192514,-0.052327246635243886,-0.22933150704567293,0.8043635045222497,0.8506614248288438
labeledDb\LabeledDB_new\Airplane\74.off,-0.685386212956907,-0.21202452651793266,-0.43019280576627605,0.8095228258064712,0.8494459326739797
labeledDb\LabeledDB_new\Airplane\75.off,-0.37044377873413203,0.09859367303759421,-0.6886983707585607,-0.3155129261780844,0.6350804437066931
labeledDb\LabeledDB_new\Airplane\76.off,-0.6244209378788581,-0.31856657761698964,-0.21999397237139065,0.20523514394031722,0.752757991550686
labeledDb\LabeledDB_new\Airplane\77.off,-0.5992556873701106,-0.0945555537678304,-0.009468143939219483,-0.01424020709783104,0.6878122952904672
labeledDb\LabeledDB_new\Airplane\78.off,-0.4503097734125899,0.13422433651647697,0.6728163767822429,0.4991150621297305,0.77379770491167
labeledDb\LabeledDB_new\Airplane\79.off,-0.4497362776235877,0.18172439896048054,0.38876969961410035,0.7761495856110685,0.14998800717963215
labeledDb\LabeledDB_new\Airplane\80.off,-0.38775145695629054,0.1905450587994548,0.2151416677250148,0.6096726887194595,0.23576346302895326
labeledDb\LabeledDB_new\Ant\100.off,-0.4671372546441066,0.005874387011315721,-0.06460198641009088,-0.5023798857690877,-0.5007081204238867
labeledDb\LabeledDB_new\Ant\81.off,-0.5478318603281644,-0.22147037629287913,-0.2593498919035512,0.13426103974775366,-0.38693681708580263
labeledDb\LabeledDB_new\Ant\82.off,-0.29308223639818765,-0.2393701328811518,0.5887580041872484,0.19433336449840058,-0.4500124014702741
labeledDb\LabeledDB_new\Ant\83.off,-0.48304636375456594,-0.258667991641225,-0.18143234373201558,0.5382528637143296,-0.1921524137679118
labeledDb\LabeledDB_new\Ant\84.off,-0.5308420738789819,-0.12923433702758666,0.02399956412417349,-0.1124872342164414,-0.4797293911553723
labeledDb\LabeledDB_new\Ant\85.off,-0.3306945968608926,-0.17291975972703447,-0.29519285222191244,0.46180015149163545,0.10531980029499208
labeledDb\LabeledDB_new\Ant\86.off,-0.4335546632315774,-0.3183556799187648,-0.515413807110188,0.315672049989246,-0.39079321213860757
labeledDb\LabeledDB_new\Ant\87.off,-0.3415207844321817,-0.32059196002102913,0.6030302437945205,0.5270330113124755,-0.3591465188894881
labeledDb\LabeledDB_new\Ant\88.off,-0.2640249625644478,-0.21400969097635278,1.614471117027922,0.2653851793042889,-0.45052215805528806
labeledDb\LabeledDB_new\Ant\89.off,-0.37625930821539544,-0.0010817399394202534,-0.2726399388378126,0.21434923124859465,-0.1994929945020828
labeledDb\LabeledDB_new\Ant\90.off,-0.3274952680521672,-0.196174241934083,0.3373574916412033,0.12549285423361806,-0.47174331701060696
labeledDb\LabeledDB_new\Ant\91.off,-0.2544533866579855,-0.2490466572443101,0.514027164654566,0.04373137118625901,-0.45621858623801337
labeledDb\LabeledDB_new\Ant\92.off,-0.5418406032314578,-0.29678832874226374,-0.42892631818803273,0.7457378292148458,-0.15254701060348097
labeledDb\LabeledDB_new\Ant\93.off,-0.2630553938225714,-0.3145056271500132,0.716475382191844,0.4621474898330259,-0.2863262188156277
labeledDb\LabeledDB_new\Ant\94.off,-0.504966617028698,0.03612331897593524,0.2129531482585402,0.07763279314052941,0.09258502956451596
labeledDb\LabeledDB_new\Ant\95.off,-0.4336638447472058,-0.3080197736362219,-0.47434461605359246,0.37733771427317775,0.1157267252933394
labeledDb\LabeledDB_new\Ant\96.off,-0.37215513316702037,0.01332876358716127,0.359092945998171,0.34039598869396454,0.19999748425076427
labeledDb\LabeledDB_new\Ant\97.off,-0.4061477998804133,-0.006789443625519886,-0.8244868503708616,0.17043884824652797,0.06815168974091558
labeledDb\LabeledDB_new\Ant\98.off,-0.4881425644500338,-0.35030468835462275,-0.15190894596531615,0.6745095065022931,-0.2393153529186242
labeledDb\LabeledDB_new\Ant\99.off,-0.5298335222524562,0.019216701097279843,0.31963871180473863,-0.008884956138586668,-0.30987100197398953
labeledDb\LabeledDB_new\Armadillo\281.off,-0.18121672757327176,-0.37332665317645913,0.5359363046398046,-0.5577537666593683,-0.5734225359369662
labeledDb\LabeledDB_new\Armadillo\282.off,-0.07741383259668856,-0.36312296591757826,-0.08335801114837,0.05891153003379604,-0.5034764436032676
labeledDb\LabeledDB_new\Armadillo\283.off,-0.36437320772424675,-0.30622509371760476,0.1647118575698488,0.9869263417046988,-0.17063926910686303
labeledDb\LabeledDB_new\Armadillo\284.off,-0.026902751056162813,-0.37991190861305446,1.0681151014660977,-0.881910845917972,-0.6193138231319504
labeledDb\LabeledDB_new\Armadillo\285.off,0.144206549052161,-0.35583425616749237,1.0256708759894957,-0.5008035250738988,-0.545588540480509
labeledDb\LabeledDB_new\Armadillo\286.off,0.4668181747799985,-0.30362701157680555,1.0690562628667573,-0.6455823963024276,-0.6465267699084751
labeledDb\LabeledDB_new\Armadillo\287.off,0.33563454165515044,-0.3196208397714866,1.6512288124395473,0.25356786181141955,-0.5893608386379335
labeledDb\LabeledDB_new\Armadillo\288.off,0.39120000185550774,-0.3468738751710605,1.8581057798175349,-0.31772963077896693,-0.650421343342183
labeledDb\LabeledDB_new\Armadillo\289.off,0.0671985368598425,-0.3196484735852992,3.0028500807498864,0.14204973647845878,-0.6217856484674182
labeledDb\LabeledDB_new\Armadillo\290.off,-0.26468566567063373,-0.2425741327038367,0.5414910979375038,0.7159940472517795,-0.5462128483904131
labeledDb\LabeledDB_new\Armadillo\291.off,0.24904098350962742,-0.38604813599415183,0.21197194972710992,0.5783986776718567,-0.5133830995014147
labeledDb\LabeledDB_new\Armadillo\292.off,-0.17313328753537277,-0.41659606737304844,0.6583152008837062,-0.8342128791537133,-0.5579393142695004
labeledDb\LabeledDB_new\Armadillo\293.off,-0.13639977558126695,-0.42120280368333285,-0.0631926853157293,0.12246224321495817,-0.5103607572122598
labeledDb\LabeledDB_new\Armadillo\294.off,-0.4788072279541523,-0.3680865786302698,-0.2831058451067796,0.8227528538736839,-0.12457135475815538
labeledDb\LabeledDB_new\Armadillo\295.off,-0.3270396120584664,-0.4963399064397198,0.4370164049730278,-1.1179765909898731,-0.533827844435272
labeledDb\LabeledDB_new\Armadillo\296.off,0.042615544310518554,-0.45418385933182237,0.4342794546960918,-0.20943216290490677,-0.4261239066769179
labeledDb\LabeledDB_new\Armadillo\297.off,0.26741381736414305,-0.43214109998378186,0.7350206259374286,-0.4193341583679427,-0.6295419326306269
labeledDb\LabeledDB_new\Armadillo\298.off,0.23298944814046113,-0.3886299580130612,1.5465447984990741,0.2757118611205868,-0.5922145495907533
labeledDb\LabeledDB_new\Armadillo\299.off,0.300549778361293,-0.40391418603440443,1.9379671637415494,-0.2246206928042421,-0.6437876540855554
labeledDb\LabeledDB_new\Armadillo\300.off,-0.04272146637661375,-0.3815937425138723,2.691931975537351,0.04718414309680487,-0.6312409046126812
labeledDb\LabeledDB_new\Bearing\341.off,-0.7094887967357365,-0.6040252068649103,-1.2742968277146294,-1.4166126618544028,-0.136929077491399
labeledDb\LabeledDB_new\Bearing\342.off,-0.3049082085718108,-0.60402486603838,-0.9253328836474871,0.6837284365789034,-0.13692944892397854
labeledDb\LabeledDB_new\Bearing\343.off,-0.3886248343009069,-0.6040248798573892,-1.003487944095464,0.28365258397058296,-0.13655200870017903
labeledDb\LabeledDB_new\Bearing\344.off,-0.6378193086716826,-0.668652066113982,-1.2670555446347795,-2.9038570295762574,-0.47893824799693446
labeledDb\LabeledDB_new\Bearing\345.off,-0.6389692385774893,-0.6647647250277489,-1.2590388569528126,-2.9279209841022675,-0.4671987444593821
labeledDb\LabeledDB_new\Bearing\346.off,-0.6404782723856141,-0.6664099062180836,-1.256087772498926,-2.9314986520576447,-0.47594121168771214
labeledDb\LabeledDB_new\Bearing\347.off,0.33704959106133986,-0.7019272404501025,-0.6675996320028215,0.6081937181679079,-0.39839365163487367
labeledDb\LabeledDB_new\Bearing\348.off,-1.2621048479289165,-0.5927918214155392,-1.6333802630197025,-4.511529483410592,0.3191587630669222
labeledDb\LabeledDB_new\Bearing\349.off,-0.8467987535572927,-0.5927918029360213,-1.5119420488773796,-0.28529329106234846,0.060254647982048326
labeledDb\LabeledDB_new\Bearing\350.off,-0.7802116843479845,-0.5971178939962946,-1.4850937275315161,0.2760852804003986,0.5425696820972122
labeledDb\LabeledDB_new\Bearing\351.off,-0.3565483044149155,-0.6385632144971256,-1.0696980538088527,0.3878945804988487,-0.039744097105967116
labeledDb\LabeledDB_new\Bearing\352.off,-0.5898111461890548,-0.6468290387137265,-1.2499826206690188,-0.8357078846880114,-0.3271275794439291
labeledDb\LabeledDB_new\Bearing\353.off,-0.8740545567665429,-0.5436252539646323,-1.348867366752819,0.09060409171713739,0.5274901081577449
labeledDb\LabeledDB_new\Bearing\354.off,-1.0808628876469943,-0.6102899452507596,-1.4914785127960375,-3.1938732554560763,-0.06651813658265081
labeledDb\LabeledDB_new\Bearing\355.off,-0.7818995454390976,-0.573568663417459,-1.5176215080492483,1.0394487351653081,0.9021719074749374
labeledDb\LabeledDB_new\Bearing\356.off,-0.7818695308948805,-0.5736319674634673,-1.5175923723669615,1.0401842065879336,0.9021687228455083
labeledDb\LabeledDB_new\Bearing\357.off,-0.7031425455884972,0.11115624849005926,-1.5811005368848845,1.0007583442478853,5.2057473346670475
labeledDb\LabeledDB_new\Bearing\358.off,-0.4275520139605439,-0.13103821599344684,-0.346132469011344,-2.669099017936662,-0.6296568090725319
labeledDb\LabeledDB_new\Bearing\359.off,-0.4209264417583583,-0.1308911491261005,-0.3336706554735805,-2.6453077725047605,-0.6279509653765546
labeledDb\LabeledDB_new\Bearing\360.off,-1.4564899472503374,-0.6031009419539354,-1.6614600170425298,-9.121529676784311,0.0966114387405582
labeledDb\LabeledDB_new\Bird\241.off,-0.8787787708649069,-0.32586431739160754,-0.7339846320474573,0.9771981611521132,0.5596173613233456
labeledDb\LabeledDB_new\Bird\242.off,-0.2709489351986351,-0.24387251966530765,0.5605321491554504,0.019894703835101196,-0.5303859223649264
labeledDb\LabeledDB_new\Bird\243.off,-0.8792000992274259,-0.383315107742782,-0.98791853620532,1.0032435261438128,1.7846648490398573
labeledDb\LabeledDB_new\Bird\244.off,-0.7313933673442216,-0.05182677489031923,-1.0688511683803232,0.8654444597343115,1.4782646569279236
labeledDb\LabeledDB_new\Bird\245.off,-0.4424056587082681,0.10211036567757446,0.4036924078806327,0.005670973599049301,-0.5243811684358265
labeledDb\LabeledDB_new\Bird\246.off,-0.7776310796149986,-0.16918765985431003,-0.8541418139811638,0.7598946324114386,0.10611515707773306
labeledDb\LabeledDB_new\Bird\247.off,-0.5899804556955639,-0.061130587521202547,-0.07211390462807253,0.23655491210873203,-0.4153536073995892
labeledDb\LabeledDB_new\Bird\248.off,-0.28163121441192596,0.2744744161862923,0.8632722511525764,-1.3101131934115913,-0.6430432006330203
labeledDb\LabeledDB_new\Bird\249.off,-0.881952116678772,-0.14106835604269055,-0.7908435621260939,0.8534340572244428,0.46916773900556663
labeledDb\LabeledDB_new\Bird\250.off,-0.752014034773504,0.01376078188400756,-1.1011709365475577,0.5655109050336069,2.5369555951321145
labeledDb\LabeledDB_new\Bird\251.off,-0.8792000992274259,-0.383315107742782,-0.98791853620532,1.0032435261438128,1.7846648490398573
labeledDb\LabeledDB_new\Bird\252.off,-0.5320055526222589,-0.047216907336394734,0.010089728640672525,-0.43382338440070356,-0.4700255881083711
labeledDb\LabeledDB_new\Bird\253.off,-0.523004222819002,0.05420962202905356,0.01913732560232123,0.14261313402930006,0.12630060029255766
labeledDb\LabeledDB_new\Bird\254.off,-0.8262404795428756,-0.03301353796896081,-1.194637620714548,1.0161488037364663,2.846444900807214
labeledDb\LabeledDB_new\Bird\255.off,-0.625198655460309,-0.28973502887222624,-0.38366733453750695,0.7162517793471396,-0.3863657270170014
labeledDb\LabeledDB_new\Bird\256.off,-0.6103166232763817,-0.22687635558265237,1.7618587478270213,0.7120841287088242,-0.30814106148023535
labeledDb\LabeledDB_new\Bird\257.off,-0.6498453921037874,2.5545591748460295,-1.0764685844308803,0.5634134856469009,2.1884104715911845
labeledDb\LabeledDB_new\Bird\258.off,-0.18348443522935248,0.45777517961040226,1.2337785788137237,-1.1027578147064179,-0.4938239071446767
labeledDb\LabeledDB_new\Bird\259.off,-0.175781520796452,-0.17364029663808447,0.40355462816290877,-0.052917228626522365,-0.3941063798092841
labeledDb\LabeledDB_new\Bird\260.off,-0.43141627165419805,0.04495058941610101,-0.046532266165633634,-2.546649371839767,-0.5534834114121682
labeledDb\LabeledDB_new\Bust\301.off,0.5833539280021284,-0.6557669058405141,0.1434549522941057,0.7310895195472003,-0.5194141336250582
labeledDb\LabeledDB_new\Bust\302.off,1.0415639942695205,-0.6116812251207289,1.2220070344016287,0.12194306561693917,-0.5423905764284348
labeledDb\LabeledDB_new\Bust\303.off,0.15686437281083582,-0.6396235754822882,0.12604244336368237,-1.1480663543236134,-0.5914833322670723
labeledDb\LabeledDB_new\Bust\304.off,0.41438218443368324,-0.5855208738124412,0.1506854479795673,0.7728044768856752,-0.3730285193442607
labeledDb\LabeledDB_new\Bust\305.off,1.6625179115357458,-0.6106328458498163,2.328497800395551,0.7467368770963648,-0.6279690311956787
labeledDb\LabeledDB_new\Bust\306.off,0.5068333999433838,-0.6760604897378065,0.8250087613422105,-0.5836545987532566,-0.5741385906077574
labeledDb\LabeledDB_new\Bust\307.off,1.7659639786363204,-0.6858956140149606,4.3695745736704295,0.6817946154146312,-0.6400790679954417
labeledDb\LabeledDB_new\Bust\308.off,2.1362594212022676,-0.7161207050705578,4.013003487641066,0.6250226560295428,-0.656704183303776
labeledDb\LabeledDB_new\Bust\309.off,0.8067271762887743,-0.6652928308445968,0.4987529449514693,-0.8028299757765719,-0.6409371024009533
labeledDb\LabeledDB_new\Bust\310.off,1.9517752640499215,-0.7301001515988091,3.4603816186573466,0.49597016182810194,-0.6436115050796546
labeledDb\LabeledDB_new\Bust\311.off,1.1337434352702958,-0.6123811274280686,1.2668984637271907,0.2371285345412064,-0.5511407478455523
labeledDb\LabeledDB_new\Bust\312.off,0.9806809984861133,-0.6142290888220123,1.5977926892067764,-0.657019946110322,-0.5633739378037114
labeledDb\LabeledDB_new\Bust\313.off,1.2042267889472105,-0.6219142452870183,1.8631551665254025,-0.3462665787623873,-0.6147484749396109
labeledDb\LabeledDB_new\Bust\314.off,0.49607125472946895,-0.626844375504387,0.5284502241972786,-0.22761261381780884,-0.504018916005741
labeledDb\LabeledDB_new\Bust\315.off,0.8074362660745692,-0.7057481535066169,1.2642982105981044,-0.49978184196325076,-0.6339950401226995
labeledDb\LabeledDB_new\Bust\316.off,0.982993271866787,-0.6662423341852954,1.450073586581635,-0.28559908147044905,-0.6295679176210807
labeledDb\LabeledDB_new\Bust\317.off,0.9148239560796889,-0.7149175039278038,1.3592009963258511,0.0030494427691781126,-0.606835594641667
labeledDb\LabeledDB_new\Bust\318.off,0.45412194165819825,-0.6674828659342154,0.9181128619253948,-0.21159906671469714,-0.5776392894725982
labeledDb\LabeledDB_new\Bust\319.off,1.1667020827025805,-0.7083093586035104,1.2823915008198108,0.7437815292547605,-0.5556179866268356
labeledDb\LabeledDB_new\Bust\320.off,1.6287782474590715,-0.6785420222178438,3.013968245671706,-0.104827496764523,-0.6443698859231568
labeledDb\LabeledDB_new\Chair\101.off,-0.5094335309364236,1.0382076889030107,-0.47921190230285543,0.6240058643945603,-0.5267184203400119
labeledDb\LabeledDB_new\Chair\102.off,0.1929860744505101,0.8227659811502098,1.08766075037128,0.9348587801978111,-0.5990462094495408
labeledDb\LabeledDB_new\Chair\103.off,-0.36294321297178045,0.3824584631524991,-0.2480583458462469,0.6374699853235262,-0.6064591610673697
labeledDb\LabeledDB_new\Chair\104.off,-0.4592146201440637,1.6161808771052757,-0.7535752440812341,0.4652204293594693,-0.5537754460659388
labeledDb\LabeledDB_new\Chair\105.off,-0.46116170057401273,1.8501472480207408,-0.8294220414514003,0.16143253825183904,-0.5474698295142946
labeledDb\LabeledDB_new\Chair\106.off,-0.05438503746180786,1.1575190508701885,0.1396034331234206,0.056093185273026,-0.6427997251372356
labeledDb\LabeledDB_new\Chair\107.off,0.09181058070905926,0.7498071279861347,0.8192577341422416,0.7204864984974407,-0.5728073972251038
labeledDb\LabeledDB_new\Chair\108.off,0.05009924943687227,0.6732924414754197,0.8663347020036364,0.8289207667411789,-0.5756422075460578
labeledDb\LabeledDB_new\Chair\109.off,-0.6482551234535145,0.31915590706093067,-0.43925270405256533,-0.2528044183949163,-0.6314252526665822
labeledDb\LabeledDB_new\Chair\110.off,-0.573656229221083,1.13030421626186,-0.7139121059529068,0.27817022273755965,-0.4922259252511971
labeledDb\LabeledDB_new\Chair\111.off,-0.5825541021627952,0.9824960113488811,-0.6661233659401031,0.4491412335752334,-0.4996442807526941
labeledDb\LabeledDB_new\Chair\112.off,-0.30959526498584256,0.6221712378973113,-0.3524838811459335,0.14987615631703438,-0.6227323517278114
labeledDb\LabeledDB_new\Chair\113.off,-0.4876114481711115,1.130311020374086,-0.3584881807765335,-0.5737069514602856,-0.5777019461879312
labeledDb\LabeledDB_new\Chair\114.off,-1.0410349535702677,0.34816900672963597,-0.9503630476956788,-0.9371858948475763,-0.5788502961828795
labeledDb\LabeledDB_new\Chair\115.off,-0.5257973998577401,0.9797265378847184,-0.2890965725215742,-0.39535831921463926,-0.5770811572659169
labeledDb\LabeledDB_new\Chair\116.off,0.05785052833903357,1.0036859837127083,0.3001429063480422,0.5142564876784611,-0.5887520315641784
labeledDb\LabeledDB_new\Chair\117.off,-0.008967417842235035,3.2675890790165036,0.04733223398650335,0.1754008806055965,-0.62078609689447
labeledDb\LabeledDB_new\Chair\118.off,-0.5123218298367651,0.6276560297242652,-0.48123922926052803,0.5964255626633191,-0.514289641680609
labeledDb\LabeledDB_new\Chair\119.off,-0.203795331777351,0.9837558516827307,-0.10665746090953286,0.4013182042132709,-0.6402714824138172
labeledDb\LabeledDB_new\Chair\120.off,-0.3050035084603104,0.9794143022802321,-0.5091853309586907,0.12273218129706895,-0.5287684050263857
labeledDb\LabeledDB_new\Cup\21.off,2.137306099383619,1.4266245165869238,0.9595719085684978,-0.5856079003771618,-0.6548883126857471
labeledDb\LabeledDB_new\Cup\22.off,3.351958364998498,0.4730290413450794,2.069380622281551,0.4336917182491075,-0.6604626996295943
labeledDb\LabeledDB_new\Cup\23.off,2.050958418563184,0.6373775018077215,1.3946185207408952,-0.09499892285915602,-0.6390538132629023
labeledDb\LabeledDB_new\Cup\24.off,3.403870140313612,0.022363814613107214,2.242448479389312,0.5208794763658132,-0.659454636030249
labeledDb\LabeledDB_new\Cup\25.off,3.567788717617667,5.336705740308525,1.013325099657376,0.9418976427670144,-0.6379051817610174
labeledDb\LabeledDB_new\Cup\26.off,3.0657126431114876,4.139063279475745,1.167860342662325,0.5840658502564836,-0.6288746985137721
labeledDb\LabeledDB_new\Cup\27.off,2.7296228952040718,1.9913337853020598,0.9994239991877815,0.09485653995486969,-0.6429969404589464
labeledDb\LabeledDB_new\Cup\28.off,2.2308806182064056,1.4349853107911237,1.0641715379957521,-0.46067210364274064,-0.6569373304715439
labeledDb\LabeledDB_new\Cup\29.off,2.3196281919819657,2.9674146919822566,0.6792669419653361,0.2230039223906646,-0.6416922342937027
labeledDb\LabeledDB_new\Cup\30.off,0.3316211697345297,0.7371336910819243,0.3591790918318638,-0.610426391422113,-0.5825716147637173
labeledDb\LabeledDB_new\Cup\31.off,3.0504391784007017,-0.047347913875142915,2.5039625920723667,0.4272750597232272,-0.6541151608530253
labeledDb\LabeledDB_new\Cup\32.off,2.6228069927417885,3.5671913393973007,0.7936658780500457,-0.04809023856404581,-0.6490824589939713
labeledDb\LabeledDB_new\Cup\33.off,2.946467718753862,0.5396539677915138,1.764358851950455,0.026131525729268253,-0.6743101626967412
labeledDb\LabeledDB_new\Cup\34.off,3.2417396512569248,0.1183894941205291,1.9488323833422838,0.6089535521544228,-0.6622762690069132
labeledDb\LabeledDB_new\Cup\35.off,1.184714559399664,0.1694197488976858,0.054825741078344085,-0.15400173595647257,-0.5917802854301594
labeledDb\LabeledDB_new\Cup\36.off,2.3072938298069214,4.301735384840513,1.965565189390234,-0.41380474787509014,-0.6621505911050996
labeledDb\LabeledDB_new\Cup\37.off,3.8036628233527567,1.0916286928161074,2.0135519017108585,0.1757987216301458,-0.6796153270316082
labeledDb\LabeledDB_new\Cup\38.off,3.2465542148424493,1.2511159394005316,1.5502130570051333,0.34313303922416977,-0.642399515629482
labeledDb\LabeledDB_new\Cup\39.off,3.4579360606756344,8.580979838254763,1.1438458396636548,0.3409098311654565,-0.6630704089181361
labeledDb\LabeledDB_new\Cup\40.off,3.2988446783370597,3.8727599466154032,0.6326732387101032,1.0219644311717802,-0.6044920708776551
labeledDb\LabeledDB_new\Fish\221.off,-0.4311461403221663,-0.6163082275713859,-0.33281236981011597,-0.08479638662474638,-0.23448626599851208
labeledDb\LabeledDB_new\Fish\222.off,-0.6892141153014247,-0.625474910491632,-0.8838662785095108,0.11968724439553105,-0.12459915591474353
labeledDb\LabeledDB_new\Fish\223.off,-0.5348267367999339,-0.5232436129380903,-0.307349732389387,-0.026970290952411432,-0.23118932112519341
labeledDb\LabeledDB_new\Fish\224.off,-0.7184450650527614,-0.5804927209759548,-0.973798752692309,0.1544525156780832,0.09989160612419819
labeledDb\LabeledDB_new\Fish\225.off,-0.5884340363709805,-0.5337473615765956,-0.5219827397938792,0.03415978993693254,-0.2947311145858401
labeledDb\LabeledDB_new\Fish\226.off,-0.6593083893961743,-0.6236561481937943,-0.9167054414453693,0.5235644852830132,-0.11119403298730916
labeledDb\LabeledDB_new\Fish\227.off,-0.6593083893961743,-0.6236561481937943,-0.9167054414453693,0.5235644852830132,-0.11119403298730916
labeledDb\LabeledDB_new\Fish\228.off,-0.6385014712973619,-0.6109716119667595,-0.7878988405963623,0.004087267520165237,-0.1118035459918521
labeledDb\LabeledDB_new\Fish\229.off,-0.6114078441681451,-0.6264664564715428,-0.8253996969946931,0.45667809231842404,-0.17497225519665477
labeledDb\LabeledDB_new\Fish\230.off,-0.3558025578858709,-0.6147936402768628,-0.23911163722444523,-0.010517834580287889,-0.2548068710953371
labeledDb\LabeledDB_new\Fish\231.off,-0.5859389091700181,-0.5896879355886971,-0.5990390234105336,-0.0019919130659267125,-0.18395604699030418
labeledDb\LabeledDB_new\Fish\232.off,-0.6736821008715376,-0.5821544403109504,-0.9890438587539749,0.18603792329012742,0.17722882059279377
labeledDb\LabeledDB_new\Fish\233.off,-0.17962543744304882,-0.5774151249786441,0.2691612027842137,-0.5852535992337623,-0.5264584747859801
labeledDb\LabeledDB_new\Fish\234.off,-0.356322361834208,-0.5565813518796805,-0.09893062763839361,0.17394793941668343,-0.3129360991609415
labeledDb\LabeledDB_new\Fish\235.off,-0.6871305624557177,-0.5815275820955683,-0.8072247042346965,0.2329823240452179,0.005222951364821771
labeledDb\LabeledDB_new\Fish\236.off,-0.7723420456133762,-0.5391128391734117,-0.8594768971672792,0.08646048970458349,0.19328722984653068
labeledDb\LabeledDB_new\Fish\237.off,-0.8377084471604875,-0.5552603658083729,-1.1007187983064863,0.10564688292986682,0.48118425698583983
labeledDb\LabeledDB_new\Fish\238.off,-0.7638834598251191,-0.5626659951094278,-0.9419011637177334,0.010013750095583758,0.10057562628325928
labeledDb\LabeledDB_new\Fish\239.off,-0.6771121212439919,-0.5994192765536389,-1.0107008828097805,0.3480381232322987,0.2965519548588082
labeledDb\LabeledDB_new\Fish\240.off,-0.5231305002109881,-0.5774046307202728,-0.6003571999228616,-0.10060398383346432,-0.13514000817812982
labeledDb\LabeledDB_new\FourLeg\381.off,-0.2694941349967763,-0.6169188696984872,-0.4994779828602978,-0.4760497349701987,-0.3871664757053593
labeledDb\LabeledDB_new\FourLeg\382.off,-0.4028195081527522,-0.48904248635189584,-0.019317927780780748,0.6315920867283629,-0.3393782414352177
labeledDb\LabeledDB_new\FourLeg\383.off,0.049034945516670446,-0.556290526897362,-0.5110044338409877,0.2521490505311753,-0.3022078543470127
labeledDb\LabeledDB_new\FourLeg\384.off,-0.19685557051112434,-0.4602626808459716,-0.4848317773765881,1.0195720243887656,-0.157941353422314
labeledDb\LabeledDB_new\FourLeg\385.off,-0.1657059855127208,-0.4660065121989574,-0.2695035176102874,0.08341068492330603,-0.1302133891639181
labeledDb\LabeledDB_new\FourLeg\386.off,-0.07108500413000746,-0.4882813743742634,0.9633875705211284,0.48935178891176995,-0.3766882586228245
labeledDb\LabeledDB_new\FourLeg\387.off,-0.31265580848608104,-0.4539308174349008,0.17828232782197048,0.8144725581126,-0.05597761107847782
labeledDb\LabeledDB_new\FourLeg\388.off,0.10152354294724815,-0.5212694876259566,-0.17287723962075666,0.40281416540746606,-0.34543169114179073
labeledDb\LabeledDB_new\FourLeg\389.off,-0.19425166550628833,-0.31723833884478986,-0.21458783191130762,0.7237983732587702,-0.34798968642652967
labeledDb\LabeledDB_new\FourLeg\390.off,-0.8146166511117038,-0.11829914931536496,-0.6234282127889422,0.03238173387381556,-0.12769125277065121
labeledDb\LabeledDB_new\FourLeg\391.off,-0.1668931708824274,-0.5173603168801849,-0.6502340751058778,-0.1336716227368901,0.46265690724763875
labeledDb\LabeledDB_new\FourLeg\392.off,-0.08833524133988226,-0.5765320654110012,-0.2658464547705052,0.45155017823797095,-0.24098782693268075
labeledDb\LabeledDB_new\FourLeg\393.off,-0.39941072373096825,-0.37979760390592543,-0.6288642854355886,0.37021607696427805,1.0383859257720582
labeledDb\LabeledDB_new\FourLeg\394.off,-0.45895003553864805,-0.4039243448171147,-0.6516978153124493,0.14271447498073744,-0.2274773519297904
labeledDb\LabeledDB_new\FourLeg\395.off,-0.36238632436711204,-0.42239220189265725,0.8646600891094474,-0.050359996244011725,-0.16868936898320872
labeledDb\LabeledDB_new\FourLeg\396.off,-0.2900168099835144,-0.42490718768510355,-0.5629731857505921,0.8925197857391998,-0.0862543161351257
labeledDb\LabeledDB_new\FourLeg\397.off,-0.3267658727122055,-0.4564491766722304,-0.5458211063654579,0.05763256179711372,-0.14295994072812096
labeledDb\LabeledDB_new\FourLeg\398.off,-0.8163544332285061,-0.4442527348050363,-1.1627756452853895,-1.9585284019190292,0.38051789887204157
labeledDb\LabeledDB_new\FourLeg\399.off,-0.28497400057398226,-0.4458160151553753,-0.02889187489912604,0.7354545191263087,-0.36519196567318174
labeledDb\LabeledDB_new\FourLeg\400.off,-0.46951218927510574,-0.39049531483221733,-0.5932633939682445,0.2864627267973544,-0.029488219234406726
labeledDb\LabeledDB_new\Glasses\41.off,-1.1365487739124225,1.6318797918267882,-1.236286643763831,-2.263398750146971,-0.17636298672718462
labeledDb\LabeledDB_new\Glasses\42.off,-1.2244540832758142,0.6639119173167062,-1.2542842684805702,-2.1898635920389875,0.07604551949704162
labeledDb\LabeledDB_new\Glasses\43.off,-1.2723539780630775,0.8646570399369219,-1.3299214760924378,-2.3445726123052077,0.7609106686710341
labeledDb\LabeledDB_new\Glasses\44.off,-1.0942297209295773,1.8308409877939884,-1.1543886691435494,-2.4422370548838055,0.17181811211750425
labeledDb\LabeledDB_new\Glasses\45.off,-1.1472162456719686,0.6141269777256281,-1.1504210047126222,-2.3719900924532547,0.2941205798161067
labeledDb\LabeledDB_new\Glasses\46.off,-1.1864088442147875,0.08778105132289563,-1.3286794445310135,0.43354753370264754,1.0207670419032175
labeledDb\LabeledDB_new\Glasses\47.off,-1.200337646614331,0.046399094287878154,-1.5715970302020135,0.9614022379570994,9.169123183009916
labeledDb\LabeledDB_new\Glasses\48.off,-1.1283489171571885,1.1729854811634468,-1.1594470515122055,-1.6933838478482717,0.2742755667898107
labeledDb\LabeledDB_new\Glasses\49.off,-1.141512648407139,0.5376104122047077,-1.2239156925297756,-0.6901796476892252,0.7581293285694808
labeledDb\LabeledDB_new\Glasses\50.off,-1.1037326272539623,1.2340393934516034,-1.2144359842991568,-2.151094015072077,-0.1727121410596123
labeledDb\LabeledDB_new\Glasses\51.off,-1.2066702561381315,0.35362906501696556,-1.2450854779561584,-1.4793584016050092,0.2987274551169954
labeledDb\LabeledDB_new\Glasses\52.off,-1.2743737544464402,-0.030913169939046938,-1.4208219482813365,0.4082420951818723,0.9834578532644456
labeledDb\LabeledDB_new\Glasses\53.off,-1.1909736243086018,0.29571003914854616,-1.2759291591326785,0.021249580591030978,1.118465914624418
labeledDb\LabeledDB_new\Glasses\54.off,-1.1160448108465717,1.1999570254029388,-1.217422825328049,-2.1516721561370638,-0.17070314037330267
labeledDb\LabeledDB_new\Glasses\55.off,-1.2184777773160236,0.33626590703231657,-1.2647531608301983,-1.6705000024442436,0.32883307513750665
labeledDb\LabeledDB_new\Glasses\56.off,-0.8591618084617232,2.1695554454685673,-0.8731957160031937,-1.7105614232952149,-0.10882913473660595
labeledDb\LabeledDB_new\Glasses\57.off,-1.1158928904836956,1.2011762712899812,-1.217821721151922,-2.1558574801224926,-0.17206678517281782
labeledDb\LabeledDB_new\Glasses\58.off,-1.2358256452445806,0.1762066496173997,-1.532081624705127,0.7272155475898702,4.281820883600549
labeledDb\LabeledDB_new\Glasses\59.off,-1.1309636029283536,0.14045129166750528,-1.2705444063546047,-0.28160434995172007,0.5892425809283726
labeledDb\LabeledDB_new\Glasses\60.off,-1.1920425751133434,0.058161471314955415,-1.3414227039344322,0.25841815154011133,1.0129370601413548
labeledDb\LabeledDB_new\Hand\181.off,-0.2472564379584133,-0.39143746819017705,-0.22951740454310274,0.7310775441833048,0.13215882920548225
labeledDb\LabeledDB_new\Hand\182.off,0.29666156988102266,-0.4710954637943423,0.28293227660904346,0.9683223394343328,-0.3268643623089796
labeledDb\LabeledDB_new\Hand\183.off,0.7325324331756161,-0.4514600788191036,0.6586619067421122,0.43186114033891676,-0.18284057365132927
labeledDb\LabeledDB_new\Hand\184.off,-0.04106094697406105,-0.37340931436476976,-0.3319096587343394,-0.09469661992038156,-0.24882756637072337
labeledDb\LabeledDB_new\Hand\185.off,-0.41108567574442273,-0.4055740854254335,-0.9620994741669452,-0.8064729486749003,1.243229734361473
labeledDb\LabeledDB_new\Hand\186.off,-0.1424637353100513,-0.48447624775726983,-0.2896106279435222,0.1502902781353492,-0.1234299620633272
labeledDb\LabeledDB_new\Hand\187.off,-0.1815014183880678,-0.42068252633110054,-0.21561353503724362,0.7725643570366882,0.0877056883757843
labeledDb\LabeledDB_new\Hand\188.off,-0.042042731529619105,-0.17673604743943566,1.1960811769337802,0.11473073445068573,-0.52228804583675
labeledDb\LabeledDB_new\Hand\189.off,-0.04482533636916297,-0.141876704237388,0.8442201860170371,-1.233632748988266,-0.6461921653109722
labeledDb\LabeledDB_new\Hand\190.off,-0.4607336235430404,-0.09579086964906096,-0.537011453357018,-0.9110165369243739,-0.11985432401394626
labeledDb\LabeledDB_new\Hand\191.off,0.6159697887234183,-0.46400045194935174,1.3588762266350987,0.7569610105399476,-0.555044991819771
labeledDb\LabeledDB_new\Hand\192.off,-0.2461916582067436,-0.09959964845964431,-0.21468684557902387,0.025052614410959958,1.470971350763299
labeledDb\LabeledDB_new\Hand\193.off,-0.46425650281944497,-0.13730386784494625,-0.8003193750360389,-0.9555839267165019,-0.4789204128993396
labeledDb\LabeledDB_new\Hand\194.off,-0.26199608451981043,-0.09720636163511802,-0.5796558989821888,-0.19940114293018024,-0.28253387011827896
labeledDb\LabeledDB_new\Hand\195.off,-0.31523700232956575,-0.14879645432824143,-0.5982754807087148,-0.43353048377776177,-0.4232559707194861
labeledDb\LabeledDB_new\Hand\196.off,-0.4986315740304531,-0.12770698796242336,-0.21459753438372667,-1.2026902305993181,-0.4709577674355203
labeledDb\LabeledDB_new\Hand\197.off,-0.4301205416856734,-0.10960138673759072,-0.5332833220501708,-0.901098130858012,-0.506585400830981
labeledDb\LabeledDB_new\Hand\198.off,-0.44061320904865625,-0.4584697016219031,-0.8189830145260766,0.8081930674332632,0.28451156690217033
labeledDb\LabeledDB_new\Hand\199.off,0.12540085487443603,-0.498146349006243,-0.38876415648691837,0.812510767405342,-0.22162588399659658
labeledDb\LabeledDB_new\Hand\200.off,-0.3774441403755906,-0.4340376963206382,0.05226600907202503,-0.33373857290035625,0.21101759114714488
labeledDb\LabeledDB_new\Human\1.off,-0.7195640395642897,-0.00821628029234428,-1.2116500327093653,-0.041875816620645816,1.6228142337014924
labeledDb\LabeledDB_new\Human\10.off,-0.6438327001379586,-0.12055437958530905,-0.8444833940030909,0.5534008376875654,1.7234708300657486
labeledDb\LabeledDB_new\Human\11.off,-0.5148341717846292,-0.24560746123698418,-0.22168231194615715,-0.027297933616889914,0.8701264633410102
labeledDb\LabeledDB_new\Human\12.off,-0.5421161712666467,-0.3160068607706971,-0.23366930735808863,0.0758750452399384,0.8420308456430727
labeledDb\LabeledDB_new\Human\13.off,-0.2963808567765405,-0.447448870006663,-0.2765085424281069,0.89006661209518,0.21298659701464673
labeledDb\LabeledDB_new\Human\14.off,-0.9920164617820495,-0.14624435058612473,-0.17099719622642398,-2.393092826608402,-0.5779546223700455
labeledDb\LabeledDB_new\Human\15.off,-0.6848307113897858,-0.13103292826193383,-0.8868082691871075,-1.364832546387278,-0.3227513616420272
labeledDb\LabeledDB_new\Human\16.off,-0.46838261550092386,-0.2668470052058934,-0.20393554788967858,0.505029776205395,-0.12843253015070102
labeledDb\LabeledDB_new\Human\17.off,-0.5949044192226564,-0.15834948145528205,0.09553400186281938,0.30637708842353145,-0.1019661305415524
labeledDb\LabeledDB_new\Human\18.off,-0.11763943028371364,-0.49347740410401336,0.3534087332795978,0.4654230917135268,-0.37181734028104835
labeledDb\LabeledDB_new\Human\19.off,-0.5502239326551639,-0.184408874419182,-0.10888923447778287,0.8492415378122883,1.289623327227368
labeledDb\LabeledDB_new\Human\2.off,-0.542776433813099,-0.3039674744781532,-0.8876602145364088,0.45230232083129934,0.7246248431171236
labeledDb\LabeledDB_new\Human\20.off,-0.5726368084608225,-0.10502760510481236,-0.32836230126709476,0.6456454534598997,1.6191915631920526
labeledDb\LabeledDB_new\Human\3.off,-0.9034347457105479,-0.1859735691995084,-0.9931570673552378,-1.6411142852903329,-0.13684224288195485
labeledDb\LabeledDB_new\Human\4.off,-0.9230903364230275,-0.18200507999734059,-0.9264079089139627,-1.8440544985965441,-0.05347640676734666
labeledDb\LabeledDB_new\Human\5.off,-0.3697366178934541,-0.3593964101757113,0.07348752260663358,0.723786437696231,0.523529650613531
labeledDb\LabeledDB_new\Human\6.off,-0.6204801785491298,-0.1987475993800809,-1.2574621409129958,-0.2692174831834933,0.7541514373312126
labeledDb\LabeledDB_new\Human\7.off,-0.5838956897979978,-0.2563647750246941,-1.2380965946280191,0.3065581467869167,0.7737790348410875
labeledDb\LabeledDB_new\Human\8.off,-0.7730081371788358,-0.06284193430003591,-0.5659925836564424,0.12953122774174544,0.43079216276133436
labeledDb\LabeledDB_new\Human\9.off,-0.7961445383933883,-0.10216666114027198,-0.6528929865915708,0.10736623604187369,0.4261735990605445
labeledDb\LabeledDB_new\Mech\321.off,1.8025835701982715,-0.6875057934050346,0.320159233680944,0.29567690516233985,-0.6712978932614571
labeledDb\LabeledDB_new\Mech\322.off,1.7954867670795935,-0.6889570741608699,0.32288729097821683,0.3004983768586398,-0.6711338612664842
labeledDb\LabeledDB_new\Mech\323.off,1.7784823919984547,-0.690600442122278,0.3180537034369275,0.29195156600226124,-0.6710007663019906
labeledDb\LabeledDB_new\Mech\324.off,2.0085222978161905,-0.6812351366464302,1.2460714358372704,0.8447886868165999,-0.655412695429261
labeledDb\LabeledDB_new\Mech\325.off,1.842871951366919,-0.6752402073125496,1.2392848215934602,0.46349662200207425,-0.6660230460834827
labeledDb\LabeledDB_new\Mech\326.off,1.964348988913958,-0.6972417748876388,1.1178149129156745,0.6829518375825648,-0.643640867272769
labeledDb\LabeledDB_new\Mech\327.off,1.4845977953114555,-0.6773736602918266,0.9609524909518181,0.6819985627504084,-0.6379864086236061
labeledDb\LabeledDB_new\Mech\328.off,1.8505900932686115,-0.6932367728970303,0.3947093161865136,0.425857512186931,-0.6725644473318511
labeledDb\LabeledDB_new\Mech\329.off,1.8390573160432033,-0.6894507346973375,0.36110918327117436,0.3675794774864559,-0.6719885831772449
labeledDb\LabeledDB_new\Mech\330.off,1.8395553387071002,-0.6886292991100573,0.35737241157553357,0.3610613934498558,-0.6719471512892862
labeledDb\LabeledDB_new\Mech\331.off,1.9250769853567542,-0.6364539956355808,0.3493696992428302,0.6012776072861508,-0.6614868882227342
labeledDb\LabeledDB_new\Mech\332.off,1.6911489662603285,-0.6906734932803982,0.35840368559939817,0.4382097438825428,-0.6607791662543013
labeledDb\LabeledDB_new\Mech\333.off,1.861796012838304,-0.6333684994787272,0.2796914079683791,0.4748816794995042,-0.6611725349429145
labeledDb\LabeledDB_new\Mech\334.off,1.7422666666072024,-0.6761814825106551,0.21568321607900023,0.9126480904572101,-0.6461646593598115
labeledDb\LabeledDB_new\Mech\335.off,1.8047802312414456,-0.6875057810611855,0.322157270469187,0.29920750980379796,-0.6712978863130025
labeledDb\LabeledDB_new\Mech\336.off,0.36147834401867585,-0.6985239007296151,-0.45634613324409085,-1.1423882549312798,-0.667996666969198
labeledDb\LabeledDB_new\Mech\337.off,2.3043871064694765,-0.7143646325985671,2.228949095725472,0.7779010761408472,-0.6334320966013947
labeledDb\LabeledDB_new\Mech\338.off,1.67470743194362,-0.7032293645660942,0.7145639405748108,0.20757107173287123,-0.6719708277746982
labeledDb\LabeledDB_new\Mech\339.off,1.923897934583458,-0.6364538373823044,0.34832123838378853,0.5993997066663813,-0.661486856195835
labeledDb\LabeledDB_new\Mech\340.off,1.7398561394083858,-0.6761815552984471,0.21356697842890815,0.9084682105703866,-0.6461646817045957
labeledDb\LabeledDB_new\Octopus\121.off,-0.5084440375569406,-0.20195719414094504,0.2664409363200514,0.9613969920713117,-0.46368558343617394
labeledDb\LabeledDB_new\Octopus\122.off,-0.4420520418961468,-0.059184030333057074,0.5176921245366806,0.7238645847682563,-0.4557517991356644
labeledDb\LabeledDB_new\Octopus\123.off,-0.12317943884631807,-0.396159819873101,0.5961381900925692,-1.5384924431751887,-0.6639341831330982
labeledDb\LabeledDB_new\Octopus\124.off,-1.184739699855785,-0.03785260199612783,0.5273857813798818,-0.02483167843867141,-0.530835079612303
labeledDb\LabeledDB_new\Octopus\125.off,-1.0496925036854212,-0.4206454254554901,-0.6239920128885804,-3.8239702637243105,-0.6186041373499767
labeledDb\LabeledDB_new\Octopus\126.off,-0.7492047220290485,0.4676419083585825,1.41675222158524,0.2029125240516518,-0.47790605023272476
labeledDb\LabeledDB_new\Octopus\127.off,-0.05961986143117092,-0.16472588099643237,1.2602142281732012,-0.07598996431549482,-0.5991693325335864
labeledDb\LabeledDB_new\Octopus\128.off,-0.7724843046666058,0.029263206807863935,-0.02099340723760308,-0.20109950222526118,-0.36034701863664276
labeledDb\LabeledDB_new\Octopus\129.off,-0.6010019652928081,-0.4407915074184014,0.9542147384469548,0.8577861452409394,-0.4590693535207673
labeledDb\LabeledDB_new\Octopus\130.off,-0.5651487566176903,-0.4084320506096226,0.7216525736158712,0.7901891975062896,-0.5193406928808365
labeledDb\LabeledDB_new\Octopus\131.off,-0.22098272566338284,-0.2728574912598159,1.0889920492005332,-0.7849341727906796,-0.5859909181171227
labeledDb\LabeledDB_new\Octopus\132.off,-0.3779001680052634,-0.5155889895574183,-0.994323743128934,0.7286471513769052,-0.30578320169106304
labeledDb\LabeledDB_new\Octopus\133.off,-0.3061991011117085,-0.3734049922720858,0.6996917290679051,-0.5537935633234986,-0.5877973202104809
labeledDb\LabeledDB_new\Octopus\134.off,-0.15255230659439148,-0.04766989472893942,1.073869482942248,-0.3000514691865809,-0.6419755903661506
labeledDb\LabeledDB_new\Octopus\135.off,0.006586993127617132,0.27245522510060344,0.6780526982405867,-1.4416223485597233,-0.6700142324711746
labeledDb\LabeledDB_new\Octopus\136.off,-0.17599427419547972,-0.39431140582162455,0.46763691341250085,-0.24511295806639913,-0.6239017893992593
labeledDb\LabeledDB_new\Octopus\137.off,-0.7691548837668111,-0.37833635826280165,0.08833868624728287,-0.6565252476954357,-0.6413038252822495
labeledDb\LabeledDB_new\Octopus\138.off,-0.40305919716309024,-0.4905009187670606,0.5014645797187739,0.3089964099808512,-0.5974099963871164
labeledDb\LabeledDB_new\Octopus\139.off,-0.7253397578327112,-0.06351594654769997,-0.28135381665774867,-0.3756559673232421,-0.2484351758819673
labeledDb\LabeledDB_new\Octopus\140.off,-0.43823119262741217,-0.204699084245113,0.8746244806261093,0.7582029864644478,-0.49472150899168815
labeledDb\LabeledDB_new\Plier\201.off,-0.8031735862120857,-0.22978865472189636,-1.2387323316450956,0.16331618398841932,1.859400524512906
labeledDb\LabeledDB_new\Plier\202.off,-0.802264438639574,-0.2207438726227782,-1.2369323687486977,0.2466984150809845,1.7586309420181405
labeledDb\LabeledDB_new\Plier\203.off,-0.7888785188033215,-0.21223087965021037,-1.238156540953455,0.3113805346569485,1.5762781812023539
labeledDb\LabeledDB_new\Plier\204.off,-0.864525105448218,-0.23823392776119506,-1.22789322619761,-0.06792089618531112,2.7650631330956843
labeledDb\LabeledDB_new\Plier\205.off,-0.7284778693032405,-0.20948204160756748,-1.1796355245660533,0.8128930546600921,1.9387950127058406
labeledDb\LabeledDB_new\Plier\206.off,-0.755745349670046,-0.19824707859278942,-1.224205392488098,0.5878488308970959,1.6602850826294742
labeledDb\LabeledDB_new\Plier\207.off,-0.7334085200926004,-0.19011597439531122,-1.2076401342873315,0.8080360525229423,1.5280810679329024
labeledDb\LabeledDB_new\Plier\208.off,-0.7425596322771729,-0.16200894234777563,-1.2063278747200419,0.75656367237079,1.4693187657235305
labeledDb\LabeledDB_new\Plier\209.off,-0.7693932379639458,-0.1668384187972092,-1.214677753654319,0.5305855830347065,1.9515633267748844
labeledDb\LabeledDB_new\Plier\210.off,-0.7858783065832868,-0.1981811541786566,-1.2004192655692016,0.29566847590461764,1.9280025820386029
labeledDb\LabeledDB_new\Plier\211.off,-0.8289467715812925,-0.209462832702451,-1.228806428169977,0.07080838259164873,2.461734220558595
labeledDb\LabeledDB_new\Plier\212.off,-0.8716998241808727,-0.2844096521388367,-1.203437227694323,0.3231962367740219,2.777427481272676
labeledDb\LabeledDB_new\Plier\213.off,-0.851276286617554,-0.22515467773808537,-1.2813026475872165,0.89025381204461,3.1546857457082913
labeledDb\LabeledDB_new\Plier\214.off,-0.8293842813204221,-0.23202210142286903,-1.2470087571423292,0.719230992458596,2.719290274689971
labeledDb\LabeledDB_new\Plier\215.off,-0.7853630553981363,-0.2217312907938468,-1.2193767599754672,0.5968949474601553,2.3785938240845015
labeledDb\LabeledDB_new\Plier\216.off,-0.7761495657450298,-0.2175334607670723,-1.212188281151385,0.48549832712467766,2.2485642245395483
labeledDb\LabeledDB_new\Plier\217.off,-0.7252895972484107,-0.17887793695274146,-1.2404430939052742,0.8892062461093594,1.7425057928329255
labeledDb\LabeledDB_new\Plier\218.off,-0.7422892314017118,-0.15482363368620408,-1.2792967355468199,0.8181297317519514,1.4439110849924537
labeledDb\LabeledDB_new\Plier\219.off,-0.920165340560675,-0.0690209005911088,-1.26652811754779,0.019654076512278386,2.521647440578845
labeledDb\LabeledDB_new\Plier\220.off,-0.8792020199245997,-0.0590262236679416,-1.273061390875785,0.3061312664189098,2.709644907389808
labeledDb\LabeledDB_new\Table\141.off,0.5516809043552994,1.9641880779613234,0.18471294032958843,0.9609917705705782,-0.5084060320966032
labeledDb\LabeledDB_new\Table\142.off,0.13048371792904084,2.974289125114705,-0.9338594701302173,0.9612132227041575,1.9474841405738321
labeledDb\LabeledDB_new\Table\143.off,0.03801876949524567,2.7727759478778635,-0.9359385519122284,0.955128331711509,3.3727633085050446
labeledDb\LabeledDB_new\Table\144.off,0.974420448681835,2.9965502348690243,0.01932387939738981,0.9934347461937377,0.9534888333029713
labeledDb\LabeledDB_new\Table\145.off,-0.10487947175766636,1.587315155800287,0.18978703426329158,-1.4344132668539296,-0.6601189376599859
labeledDb\LabeledDB_new\Table\146.off,0.6579436495471647,0.589700823403009,0.7103718633111784,-0.7612406652608364,-0.6526669925668146
labeledDb\LabeledDB_new\Table\147.off,0.7290514191357189,0.3863097214631113,0.5919195502067119,-0.34166118943473245,-0.42976427917367854
labeledDb\LabeledDB_new\Table\148.off,1.7598295898982956,1.3270677834576263,1.0672139775135197,0.9893968111501205,-0.21297013449296948
labeledDb\LabeledDB_new\Table\149.off,1.521710706750125,1.0746431968928922,1.0444429959073538,0.9778263162648221,0.1135991133352195
labeledDb\LabeledDB_new\Table\150.off,-0.6027082267323194,1.3425627347357747,-0.5034175388759359,-2.351602044328711,-0.644440865300826
labeledDb\LabeledDB_new\Table\151.off,0.5166931290375426,1.4110471827964912,-0.4094044095060743,0.39213522907724396,-0.39514827777194567
labeledDb\LabeledDB_new\Table\152.off,-0.28876476727837036,0.680999295059348,-0.7791151422795852,-0.1407942969318995,-0.2817816409559347
labeledDb\LabeledDB_new\Table\153.off,0.43330346209924414,2.0152092853841674,-0.39847331470605,0.8994309585507096,-0.13882103218693795
labeledDb\LabeledDB_new\Table\154.off,0.6143582077531711,0.8340616746316589,1.0421846806905455,0.4952925270798162,-0.41327323084077217
labeledDb\LabeledDB_new\Table\155.off,0.96940343058672,1.7741955126206788,1.2840891473251834,0.5859475388236083,-0.5630346471789429
labeledDb\LabeledDB_new\Table\156.off,-0.2657197535057927,2.1620411740625607,0.23789693744750826,-0.24448673380750996,-0.20258210833261805
labeledDb\LabeledDB_new\Table\157.off,1.5842216595286371,0.7209222139346354,1.8117293543953337,0.9343290961740056,-0.383419825813609
labeledDb\LabeledDB_new\Table\158.off,-0.2652988069729862,1.832512869446769,0.3350117070376858,-1.199637426642849,-0.6445354519172631
labeledDb\LabeledDB_new\Table\159.off,0.5615391281657812,2.54661492223364,-0.13023422929863177,0.9943956382341197,-0.38976071782175475
labeledDb\LabeledDB_new\Table\160.off,-0.393356682683581,3.457320882841389,-0.7502368358804931,-0.46193925965926713,-0.27471176512144113
labeledDb\LabeledDB_new\Teddy\161.off,0.418093632767288,-0.6173563493843405,0.07361566695561153,0.1609754957630876,-0.43462225444093383
labeledDb\LabeledDB_new\Teddy\162.off,0.19077510169833553,-0.6360899096640086,0.45809683206132146,0.5455346897465652,-0.45069540071035885
labeledDb\LabeledDB_new\Teddy\163.off,0.31103678190812867,-0.6235374546895288,0.5580094851560918,0.7781944110561377,-0.3905546054556467
labeledDb\LabeledDB_new\Teddy\164.off,0.44395820638128153,-0.624930018109501,0.3696553323900918,0.4114595219408214,-0.46394049637019463
labeledDb\LabeledDB_new\Teddy\165.off,0.27122925556913885,-0.6303925181380029,0.0765512564636074,0.7939868807758864,-0.39895323204446725
labeledDb\LabeledDB_new\Teddy\166.off,0.2876545387636767,-0.6170417265172256,0.7720797660021462,0.5412145344936948,-0.473458827727942
labeledDb\LabeledDB_new\Teddy\167.off,0.28643404694568386,-0.6146233684080121,0.6168302977086896,0.14318670628954736,-0.5438068730609251
labeledDb\LabeledDB_new\Teddy\168.off,0.26683639962726047,-0.6299429357720271,0.04207764879338129,0.6859041648115392,-0.41886818293849876
labeledDb\LabeledDB_new\Teddy\169.off,0.45105598537688113,-0.5929700210666932,0.3141195485463997,0.6420119769293037,-0.32263225043493365
labeledDb\LabeledDB_new\Teddy\170.off,0.2970946737253545,-0.5951286012887251,0.07268688807166646,0.2477368942540701,-0.3788177325524699
labeledDb\LabeledDB_new\Teddy\171.off,0.23937398486841735,-0.5929031998206186,0.3115159040827308,0.8197574972583488,-0.5487157654176926
labeledDb\LabeledDB_new\Teddy\172.off,0.30812469503880047,-0.6393972979316521,0.5660595925327673,0.7523169728083213,-0.462095424023612
labeledDb\LabeledDB_new\Teddy\173.off,0.1861196209815348,-0.6114000480202619,-0.13263715814820945,0.04886919082454698,-0.5553415498085136
labeledDb\LabeledDB_new\Teddy\174.off,-0.044669491580457646,-0.6032133547337696,0.3039093623457349,0.4622852456566458,-0.4586290306408411
labeledDb\LabeledDB_new\Teddy\175.off,0.20266189395058073,-0.6212905803785405,0.5284243849601784,0.9618572866490542,-0.4216051531870429
labeledDb\LabeledDB_new\Teddy\176.off,0.3720395015663819,-0.5944944036192131,0.8869671261899341,0.02211988898272698,-0.5555803814140897
labeledDb\LabeledDB_new\Teddy\177.off,0.2589954643200281,-0.6035779584274654,0.5150982908541571,-0.04588751571985746,-0.5395322065827315
labeledDb\LabeledDB_new\Teddy\178.off,0.1509666960043145,-0.6233656738397306,0.24670582094808763,0.29107080619401643,-0.49393496519501395
labeledDb\LabeledDB_new\Teddy\179.off,0.32634566353496813,-0.6118315260325747,0.7086288672889552,0.04441226741217605,-0.4872377683835611
labeledDb\LabeledDB_new\Teddy\180.off,0.0554435952038768,-0.620220368747158,-0.19258459213685203,0.5334484431657033,-0.2767645195927465
labeledDb\LabeledDB_new\Vase\361.off,0.7859109306532892,-0.5016331091075784,0.739561924560791,0.7352332155825217,-0.5958985634148326
labeledDb\LabeledDB_new\Vase\362.off,0.04375422375336345,-0.5355739892328409,-0.6186105344446781,-0.41918276618758454,-0.4497053906267523
labeledDb\LabeledDB_new\Vase\363.off,-0.5547191793472425,-0.6916133300254601,-0.9635667505811033,-0.9084168847443022,-0.33286132449666583
labeledDb\LabeledDB_new\Vase\364.off,0.39861241356802163,-0.4839001257919405,0.919377778091624,-0.8910804944793517,-0.5731023436793831
labeledDb\LabeledDB_new\Vase\365.off,1.7840716777825953,-0.7215551406037244,2.887083904361482,-0.3330635387933294,-0.6502950926222155
labeledDb\LabeledDB_new\Vase\366.off,0.4012720557579716,-0.6816871145167019,0.20104804046658895,0.31940941759269476,-0.5251170621249859
labeledDb\LabeledDB_new\Vase\367.off,0.40804716675284625,-0.7202679871662255,0.7601365751149248,0.25605794513056046,-0.6306966265969475
labeledDb\LabeledDB_new\Vase\368.off,0.45440543768798675,-0.7273496755784887,0.41073778069250727,-0.5835587518187354,-0.6574542037154062
labeledDb\LabeledDB_new\Vase\369.off,0.9200544225771788,-0.7049088864823922,1.026443252658209,0.43444066629196404,-0.6019991266988205
labeledDb\LabeledDB_new\Vase\370.off,0.611601215635419,-0.7263223643170819,0.9877565810705766,0.20901250120243967,-0.6166013690449084
labeledDb\LabeledDB_new\Vase\371.off,0.6945326346136264,-0.7271695227461683,0.9590150752963845,-0.1096780483806706,-0.6060859440633026
labeledDb\LabeledDB_new\Vase\372.off,-0.12699142297699048,-0.6989213866910919,-0.09943661069695052,-1.3217379136304983,-0.6234575701667026
labeledDb\LabeledDB_new\Vase\373.off,0.1951791073604933,-0.6824097336611915,-0.22035613090310485,0.4668323252612781,-0.49665925559659985
labeledDb\LabeledDB_new\Vase\374.off,0.09045820394034229,-0.6378052778485007,-0.6236805334112164,0.7840256269204647,-0.3363781599796116
labeledDb\LabeledDB_new\Vase\375.off,-0.11675326473387708,-0.6577490333774253,0.021607635964443848,0.4174988992506308,-0.5175503422091781
labeledDb\LabeledDB_new\Vase\376.off,1.120117864549203,-0.659366008816348,1.2183113169584658,1.000600621884017,-0.532447034946092
labeledDb\LabeledDB_new\Vase\377.off,-0.05438349052823722,-0.6806425927658514,-0.32783182695825,-0.7694834939314116,-0.47541745276937863
labeledDb\LabeledDB_new\Vase\378.off,-0.12410982639452386,-0.6864705924978993,-0.13855998947885262,-1.3304551375923876,-0.6240972055674747
labeledDb\LabeledDB_new\Vase\379.off,0.35865589624869487,-0.7225597830777326,0.7023645641982266,0.1864933399729314,-0.6387904015233714
labeledDb\LabeledDB_new\Vase\380.off,0.6153357352280977,-0.47624874885474794,0.17054610407152676,-1.091535098505614,-0.590098858212549
